{"version":"0.4","title":"My Account Page","type":"page","content":[{"id":"21cb5f97","settings":{"custom_height":{"unit":"px","size":"600","sizes":[]},"padding":{"unit":"px","top":"50","right":"15","bottom":"50","left":"15","isLinked":""},"padding_tablet":{"unit":"px","top":"40","right":"20","bottom":"40","left":"20","isLinked":""},"padding_mobile":{"unit":"px","top":"20","right":"20","bottom":"20","left":"20","isLinked":"1"},"background_background":"classic","background_image":{"id":150,"url":"https:\/\/elementorecommercetutorial.com\/wp-content\/uploads\/2020\/08\/01_Home13.jpg"},"background_position":"top left","background_size":"cover"},"elements":[{"id":"200b2c80","settings":{"_column_size":100,"_inline_size":null,"padding":{"unit":"px","top":"20","right":"20","bottom":"20","left":"20","isLinked":"1"}},"elements":[{"id":"14c4ffc2","settings":{"style":"slashes","align":"center","look":"line_text","text":"My Account","color":"#FFFFFF","text_color":"#FFFFFF","typography_typography":"custom","typography_font_family":"Poppins","typography_font_size":{"unit":"px","size":57,"sizes":[]},"typography_font_size_mobile":{"unit":"px","size":"25","sizes":[]},"typography_font_weight":"bold","typography_text_transform":"uppercase","text_spacing":{"unit":"px","size":8,"sizes":[]},"text_spacing_mobile":{"unit":"px","size":"15","sizes":[]},"motion_fx_translateX_effect":"yes","motion_fx_translateX_speed":{"unit":"px","size":"1","sizes":[]},"motion_fx_translateX_affectedRange":{"unit":"%","size":"","sizes":{"start":"0","end":"50"}},"motion_fx_devices":["desktop","tablet"]},"elements":[],"isInner":false,"widgetType":"divider","elType":"widget"}],"isInner":"","elType":"column"}],"isInner":"","elType":"section"},{"id":"6782229a","settings":{"background_background":"classic","background_color":"#222222","padding":{"unit":"px","top":"0","right":"0","bottom":"0","left":"0","isLinked":true}},"elements":[{"id":"721782b3","settings":{"_column_size":100,"_inline_size":null,"padding":{"unit":"px","top":"3","right":"10","bottom":"3","left":"10","isLinked":false}},"elements":[{"id":"4c073ee9","settings":{"title":"Sale Up To <span style=\"color: #ed0000; font-weight: 700;\">50% Biggest Discounts.<\/span> Hurry! Use Code Darrel for 10% OFF","link":{"url":"#","is_external":"","nofollow":""},"header_size":"h6","align":"center","title_color":"#F1F1F1","typography_typography":"custom","typography_font_family":"Poppins","typography_font_size":{"unit":"px","size":14,"sizes":[]},"typography_font_weight":"400","typography_line_height":{"unit":"px","size":24,"sizes":[]}},"elements":[],"isInner":false,"widgetType":"heading","elType":"widget"}],"isInner":false,"elType":"column"}],"isInner":false,"elType":"section"},{"id":"162e79ea","settings":{"structure":"40","padding":{"unit":"px","top":"40","right":"0","bottom":"40","left":"0","isLinked":false},"content_width":{"unit":"px","size":1290,"sizes":[]}},"elements":[{"id":"11811c44","settings":{"_column_size":25,"_inline_size":null,"_inline_size_tablet":50,"margin_tablet":{"unit":"px","top":"0","right":"0","bottom":"20","left":"0","isLinked":false}},"elements":[{"id":"6390ca8f","settings":{"image":{"id":"13","url":"https:\/\/elementorecommercetutorial.com\/wp-content\/uploads\/2020\/08\/0600-truck.png"},"title_text":"Free Shipping","description_text":"Orders over $200","position":"left","image_space":{"unit":"px","size":20,"sizes":[]},"image_size":{"unit":"%","size":20,"sizes":[]},"text_align":"left","title_bottom_space":{"unit":"px","size":5,"sizes":[]},"title_color":"#222222","title_typography_typography":"custom","title_typography_font_family":"Poppins","title_typography_font_size":{"unit":"px","size":18,"sizes":[]},"title_typography_font_weight":"600","title_typography_line_height":{"unit":"px","size":"","sizes":[]},"description_color":"#666666","description_typography_typography":"custom","description_typography_font_family":"Poppins","description_typography_font_size":{"unit":"px","size":14,"sizes":[]},"description_typography_line_height":{"unit":"px","size":"","sizes":[]},"text_align_mobile":"center"},"elements":[],"isInner":false,"widgetType":"image-box","elType":"widget"}],"isInner":false,"elType":"column"},{"id":"28857c40","settings":{"_column_size":25,"_inline_size":null,"_inline_size_tablet":50,"margin_tablet":{"unit":"px","top":"0","right":"0","bottom":"20","left":"0","isLinked":false}},"elements":[{"id":"6af91ddc","settings":{"image":{"id":"14","url":"https:\/\/elementorecommercetutorial.com\/wp-content\/uploads\/2020\/08\/0345-wallet.png"},"title_text":"Quick Payment","description_text":"100% secure payment","position":"left","image_space":{"unit":"px","size":20,"sizes":[]},"image_size":{"unit":"%","size":15,"sizes":[]},"css_filters_css_filter":"custom","text_align":"left","content_vertical_alignment":"middle","title_bottom_space":{"unit":"px","size":5,"sizes":[]},"title_color":"#222222","title_typography_typography":"custom","title_typography_font_family":"Poppins","title_typography_font_size":{"unit":"px","size":18,"sizes":[]},"title_typography_font_weight":"600","title_typography_line_height":{"unit":"px","size":"","sizes":[]},"description_color":"#666666","description_typography_typography":"custom","description_typography_font_family":"Poppins","description_typography_font_size":{"unit":"px","size":14,"sizes":[]},"description_typography_line_height":{"unit":"px","size":"","sizes":[]},"text_align_mobile":"center"},"elements":[],"isInner":false,"widgetType":"image-box","elType":"widget"}],"isInner":false,"elType":"column"},{"id":"7a7af432","settings":{"_column_size":25,"_inline_size":null,"_inline_size_tablet":50,"margin_mobile":{"unit":"px","top":"0","right":"0","bottom":"20","left":"0","isLinked":false}},"elements":[{"id":"4b8d0441","settings":{"image":{"id":"15","url":"https:\/\/elementorecommercetutorial.com\/wp-content\/uploads\/2020\/08\/0512-gift.png"},"title_text":"Gift Certificate","description_text":"Buy now $500 to $1000","position":"left","image_space":{"unit":"px","size":20,"sizes":[]},"image_size":{"unit":"%","size":15,"sizes":[]},"css_filters_css_filter":"custom","text_align":"left","content_vertical_alignment":"middle","title_bottom_space":{"unit":"px","size":5,"sizes":[]},"title_color":"#222222","title_typography_typography":"custom","title_typography_font_family":"Poppins","title_typography_font_size":{"unit":"px","size":18,"sizes":[]},"title_typography_font_weight":"600","title_typography_line_height":{"unit":"px","size":"","sizes":[]},"description_color":"#666666","description_typography_typography":"custom","description_typography_font_family":"Poppins","description_typography_font_size":{"unit":"px","size":14,"sizes":[]},"description_typography_line_height":{"unit":"px","size":"","sizes":[]},"text_align_mobile":"center"},"elements":[],"isInner":false,"widgetType":"image-box","elType":"widget"}],"isInner":false,"elType":"column"},{"id":"1a97fcb6","settings":{"_column_size":25,"_inline_size":null,"_inline_size_tablet":50},"elements":[{"id":"52a612ba","settings":{"image":{"id":"16","url":"https:\/\/elementorecommercetutorial.com\/wp-content\/uploads\/2020\/08\/0240-headphones.png"},"title_text":"24\/7 Support","description_text":"Ready support","position":"left","image_space":{"unit":"px","size":20,"sizes":[]},"image_size":{"unit":"%","size":17,"sizes":[]},"css_filters_css_filter":"custom","text_align":"left","content_vertical_alignment":"middle","title_bottom_space":{"unit":"px","size":5,"sizes":[]},"title_color":"#222222","title_typography_typography":"custom","title_typography_font_family":"Poppins","title_typography_font_size":{"unit":"px","size":18,"sizes":[]},"title_typography_font_weight":"600","title_typography_line_height":{"unit":"px","size":"","sizes":[]},"description_color":"#666666","description_typography_typography":"custom","description_typography_font_family":"Poppins","description_typography_font_size":{"unit":"px","size":14,"sizes":[]},"description_typography_line_height":{"unit":"px","size":"","sizes":[]},"text_align_mobile":"center"},"elements":[],"isInner":false,"widgetType":"image-box","elType":"widget"}],"isInner":false,"elType":"column"}],"isInner":false,"elType":"section"},{"id":"211b786e","settings":[],"elements":[{"id":"6e0d5510","settings":{"_column_size":100},"elements":[{"id":"79cae77a","settings":{"editor":"<!-- wp:shortcode -->\n[woocommerce_my_account]\n<!-- \/wp:shortcode -->","typography_typography":"custom","typography_font_family":"Poppins","typography_font_weight":"bold"},"elements":[],"isInner":false,"widgetType":"text-editor","elType":"widget"},{"id":"1397e932","settings":{"style":"slashes","align":"center","look":"line_text","text":"Upcoming Products","color":"#000000","text_color":"#000000","typography_typography":"custom","typography_font_family":"Poppins","typography_font_size":{"unit":"px","size":57,"sizes":[]},"typography_font_size_mobile":{"unit":"px","size":"25","sizes":[]},"typography_text_transform":"uppercase","text_spacing":{"unit":"px","size":8,"sizes":[]},"text_spacing_mobile":{"unit":"px","size":"15","sizes":[]},"motion_fx_translateX_effect":"yes","motion_fx_translateX_speed":{"unit":"px","size":"1","sizes":[]},"motion_fx_translateX_affectedRange":{"unit":"%","size":"","sizes":{"start":"0","end":"50"}},"motion_fx_devices":["desktop","tablet"]},"elements":[],"isInner":false,"widgetType":"divider","elType":"widget"}],"isInner":false,"elType":"column"}],"isInner":false,"elType":"section"},{"id":"6ef19054","settings":[],"elements":[{"id":"31a66fe6","settings":{"_column_size":100,"_inline_size":null},"elements":[{"id":"57d2c49c","settings":{"query_include":["terms"],"query_include_term_ids":["28"],"align":"center","title_color":"#000000","title_typography_typography":"custom","title_typography_font_family":"Poppins","title_typography_font_weight":"bold","star_color":"#000000","empty_star_color":"#000000","price_color":"#000102","price_typography_typography":"custom","price_typography_font_family":"Poppins","price_typography_font_weight":"bold"},"elements":[],"isInner":false,"widgetType":"woocommerce-products","elType":"widget"}],"isInner":false,"elType":"column"}],"isInner":false,"elType":"section"}],"page_settings":{"eael_ext_toc_title":"Table of Contents"}}