{"version":"0.4","title":"CONTACT US PAGE ELEMENTOR ECOMMERCE","type":"page","content":[{"id":"716cd619","settings":{"custom_height":{"unit":"px","size":"600","sizes":[]},"padding":{"unit":"px","top":"50","right":"15","bottom":"50","left":"15","isLinked":""},"padding_tablet":{"unit":"px","top":"40","right":"20","bottom":"40","left":"20","isLinked":""},"padding_mobile":{"unit":"px","top":"20","right":"20","bottom":"20","left":"20","isLinked":"1"},"background_background":"classic","background_image":{"id":150,"url":"https:\/\/elementorecommercetutorial.com\/wp-content\/uploads\/2020\/08\/01_Home13.jpg"},"background_position":"top left","background_size":"cover"},"elements":[{"id":"4bfdd510","settings":{"_column_size":100,"_inline_size":null,"padding":{"unit":"px","top":"20","right":"20","bottom":"20","left":"20","isLinked":"1"}},"elements":[{"id":"6cd9c0ab","settings":{"look":"line_text","text":"Contact","pattern_height":{"unit":"px","size":14.9000000000000003552713678800500929355621337890625,"sizes":[]},"pattern_size":{"unit":"px","size":28.800000000000000710542735760100185871124267578125,"sizes":[]},"text_color":"#FFFFFF","typography_typography":"custom","typography_font_family":"Poppins","typography_font_size":{"unit":"px","size":61,"sizes":[]},"typography_font_weight":"bold","align":"center","color":"#F4F4F4","gap":{"unit":"px","size":14,"sizes":[]},"typography_text_transform":"capitalize","typography_font_style":"normal","typography_letter_spacing":{"unit":"px","size":1.899999999999999911182158029987476766109466552734375,"sizes":[]},"text_spacing":{"unit":"px","size":13,"sizes":[]}},"elements":[],"isInner":false,"widgetType":"divider","elType":"widget"}],"isInner":"","elType":"column"}],"isInner":"","elType":"section"},{"id":"2ce1f003","settings":{"background_color":"#ffffff","padding":{"unit":"px","top":"100","right":"0","bottom":"70","left":"0","isLinked":""},"background_position":"center center","background_repeat":"no-repeat","background_size":"contain","background_overlay_background":"classic","background_overlay_opacity":{"unit":"px","size":"0.9"},"background_overlay_position":"center center","background_overlay_repeat":"repeat","padding_tablet":{"unit":"px","top":"80","right":"0","bottom":"80","left":"0","isLinked":""},"padding_mobile":{"unit":"em","top":"1","right":"1","bottom":"1","left":"1","isLinked":"1"},"background_background":"classic"},"elements":[{"id":"4de06a47","settings":{"_column_size":"100","background_image":{"id":"36","url":"https:\/\/elementorecommercetutorial.com\/wp-content\/uploads\/2020\/08\/placeholder.png"},"background_position":"center center","background_repeat":"no-repeat","background_size":"cover","background_overlay_background":"classic","background_overlay_color":"#222222","background_overlay_opacity":{"unit":"px","size":"0.85"},"padding":{"unit":"px","top":"0","right":"0","bottom":"0","left":"0","isLinked":""}},"elements":[{"id":"6a5efc51","settings":{"gap":"wider","structure":"20","margin":{"unit":"px","top":"0","right":"0","bottom":"0","left":"0","isLinked":""}},"elements":[{"id":"61a14fcd","settings":{"_column_size":"50","_inline_size":"32.544","padding_tablet":{"unit":"em","top":"2","right":"2","bottom":"2","left":"2","isLinked":"1"},"content_position":"center"},"elements":[{"id":"29ba6185","settings":{"title":"General Inquiries\u200b","title_color":"#252930","typography_typography":"custom","typography_font_family":"Poppins","typography_font_size":{"unit":"px","size":"30"},"typography_font_weight":"400","typography_letter_spacing":{"unit":"px","size":"0"},"typography_line_height":{"unit":"px","size":"40"},"_background_image":{"id":"36","url":"https:\/\/elementorecommercetutorial.com\/wp-content\/uploads\/2020\/08\/placeholder.png"},"typography_font_size_tablet":{"unit":"px","size":"24"},"header_size":"h3","align_mobile":"center","typography_line_height_tablet":{"unit":"px","size":"30"}},"elements":[],"isInner":false,"widgetType":"heading","elType":"widget"},{"id":"5e0d1fbc","settings":{"style":"slashes","text":"Divider","color":"#000000"},"elements":[],"isInner":false,"widgetType":"divider","elType":"widget"},{"id":"70f3ab0a","settings":{"editor":"<p>1408 Blocks Valley, Sydney,\u00a0<br \/>NSW 2060,\u00a0Australia<\/p><p>(+61) 555-1408<br \/>info@blocksvalley.com<\/p>","text_color":"#727982","typography_typography":"custom","typography_font_family":"Hind","typography_font_size":{"unit":"px","size":"15"},"typography_font_weight":"400","typography_line_height":{"unit":"px","size":"26"},"typography_letter_spacing":{"unit":"px","size":"0"},"align_mobile":"center"},"elements":[],"isInner":false,"widgetType":"text-editor","elType":"widget"},{"id":"38bdbf3f","settings":{"editor":"<p>If you are a reporter looking for information on media services please contact us at:<\/p><p>press@blocksvalley.com<\/p>","text_color":"#727982","typography_typography":"custom","typography_font_family":"Hind","typography_font_size":{"unit":"px","size":"15"},"typography_font_weight":"400","typography_line_height":{"unit":"px","size":"26"},"typography_letter_spacing":{"unit":"px","size":"0"},"align_mobile":"center"},"elements":[],"isInner":false,"widgetType":"text-editor","elType":"widget"},{"id":"2a79b5aa","settings":{"social_icon_list":[{"social":"fa fa-facebook","_id":"b0a5f71","link":{"url":"","is_external":"true","nofollow":"","custom_attributes":""},"social_icon":{"value":"fab fa-facebook-f","library":"fa-brands"},"item_icon_color":"default","item_icon_primary_color":"","item_icon_secondary_color":"","__fa4_migrated":{"social_icon":true}},{"social":"fa fa-twitter","_id":"c6063b8","link":{"url":"","is_external":"true","nofollow":"","custom_attributes":""},"social_icon":{"value":"fab fa-twitter","library":"fa-brands"},"item_icon_color":"default","item_icon_primary_color":"","item_icon_secondary_color":"","__fa4_migrated":{"social_icon":true}},{"social":"fa fa-google-plus","_id":"5a0f568","link":{"url":"","is_external":"true","nofollow":"","custom_attributes":""},"social_icon":{"value":"fab fa-google-plus-g","library":"fa-brands"},"item_icon_color":"default","item_icon_primary_color":"","item_icon_secondary_color":"","__fa4_migrated":{"social_icon":true}},{"social":"fa fa-pinterest","link":{"url":"","is_external":"true","nofollow":"","custom_attributes":""},"_id":"eb5174d","social_icon":{"value":"fab fa-pinterest","library":"fa-brands"},"item_icon_color":"default","item_icon_primary_color":"","item_icon_secondary_color":"","__fa4_migrated":{"social_icon":true}},{"social":"fa fa-envelope","link":{"url":"","is_external":"true","nofollow":"","custom_attributes":""},"_id":"ec877e9","social_icon":{"value":"fas fa-envelope","library":"fa-solid"},"item_icon_color":"default","item_icon_primary_color":"","item_icon_secondary_color":"","__fa4_migrated":{"social_icon":true}}],"icon_color":"custom","icon_primary_color":"rgba(99,115,129,0)","icon_secondary_color":"rgba(99,115,129,0.5)","icon_size":{"unit":"px","size":"15"},"icon_padding":{"unit":"em","size":"0"},"icon_spacing":{"unit":"px","size":"13"},"border_radius":{"unit":"px","top":"0","right":"0","bottom":"0","left":"0","isLinked":"1"},"hover_primary_color":"rgba(0,0,0,0)","hover_secondary_color":"#637381","hover_animation":"float","_padding":{"unit":"px","top":"10","right":"0","bottom":"10","left":"0","isLinked":""},"align":"left","align_mobile":"center"},"elements":[],"isInner":false,"widgetType":"social-icons","elType":"widget"}],"isInner":"1","elType":"column"},{"id":"5df65148","settings":{"_column_size":"50","_inline_size":"67.456","padding":{"unit":"px","top":"30","right":"30","bottom":"30","left":"30","isLinked":"1"},"padding_tablet":{"unit":"px","top":"20","right":"20","bottom":"20","left":"20","isLinked":"1"}},"elements":[{"id":"265ebe21","settings":{"form_name":"New Form","form_fields":[{"_id":"email","field_type":"text","required":"true","field_label":"","placeholder":"First Name","width":"50","field_value":"","min_date":"","max_date":"","field_options":"","allow_multiple":"","select_size":"","inline_list":"","field_html":"","width_tablet":"","width_mobile":"","rows":"4","recaptcha_size":"normal","recaptcha_style":"light","css_classes":"","custom_id":"email","recaptcha_badge":"bottomright","previous_button":"","next_button":"","selected_icon":{"value":"fas fa-star","library":"fa-solid"},"file_sizes":"","file_types":"","allow_multiple_upload":"","max_files":"","acceptance_text":"","checked_by_default":"","field_min":"","field_max":"","use_native_date":"","use_native_time":""},{"_id":"3f7ac8e","field_type":"text","required":"true","field_label":"","placeholder":"Last Name","width":"50","field_value":"","min_date":"","max_date":"","field_options":"","allow_multiple":"","select_size":"","inline_list":"","field_html":"","width_tablet":"","width_mobile":"","rows":"4","recaptcha_size":"normal","recaptcha_style":"light","css_classes":"","custom_id":"3f7ac8e","recaptcha_badge":"bottomright","previous_button":"","next_button":"","selected_icon":{"value":"fas fa-star","library":"fa-solid"},"file_sizes":"","file_types":"","allow_multiple_upload":"","max_files":"","acceptance_text":"","checked_by_default":"","field_min":"","field_max":"","use_native_date":"","use_native_time":""},{"_id":"e70080f","field_type":"email","required":"true","field_label":"","placeholder":" E-mail Address","width":"50","field_value":"","min_date":"","max_date":"","field_options":"","allow_multiple":"","select_size":"","inline_list":"","field_html":"","width_tablet":"","width_mobile":"","rows":"4","recaptcha_size":"normal","recaptcha_style":"light","css_classes":"","custom_id":"e70080f","recaptcha_badge":"bottomright","previous_button":"","next_button":"","selected_icon":{"value":"fas fa-star","library":"fa-solid"},"file_sizes":"","file_types":"","allow_multiple_upload":"","max_files":"","acceptance_text":"","checked_by_default":"","field_min":"","field_max":"","use_native_date":"","use_native_time":""},{"_id":"a580e33","field_type":"text","required":"true","field_label":"","placeholder":"Phone","width":"50","field_value":"","min_date":"","max_date":"","field_options":"","allow_multiple":"","select_size":"","inline_list":"","field_html":"","width_tablet":"","width_mobile":"","rows":"4","recaptcha_size":"normal","recaptcha_style":"light","css_classes":"","custom_id":"a580e33","recaptcha_badge":"bottomright","previous_button":"","next_button":"","selected_icon":{"value":"fas fa-star","library":"fa-solid"},"file_sizes":"","file_types":"","allow_multiple_upload":"","max_files":"","acceptance_text":"","checked_by_default":"","field_min":"","field_max":"","use_native_date":"","use_native_time":""},{"_id":"70146e9","field_type":"textarea","required":"true","field_label":"","placeholder":"Message","width":"100","field_value":"","min_date":"","max_date":"","field_options":"","allow_multiple":"","select_size":"","inline_list":"","field_html":"","width_tablet":"","width_mobile":"","rows":"4","recaptcha_size":"normal","recaptcha_style":"light","css_classes":"","custom_id":"70146e9","recaptcha_badge":"bottomright","previous_button":"","next_button":"","selected_icon":{"value":"fas fa-star","library":"fa-solid"},"file_sizes":"","file_types":"","allow_multiple_upload":"","max_files":"","acceptance_text":"","checked_by_default":"","field_min":"","field_max":"","use_native_date":"","use_native_time":""}],"input_size":"md","button_text":"Submit Message","button_size":"md","button_width":"","email_content":"[all-fields]","email_content_2":"[all-fields]","success_message":"The form was sent successfully.","error_message":"An error occured.","required_field_message":"This field is required.","invalid_message":"There's something wrong. The form is invalid.","row_gap":{"unit":"px","size":"15"},"field_text_color":"#637381","field_typography_typography":"custom","field_typography_font_family":"Hind","field_typography_font_size":{"unit":"px","size":"15"},"field_typography_font_weight":"400","field_typography_line_height":{"unit":"px","size":"40"},"field_typography_letter_spacing":{"unit":"px","size":"0"},"field_background_color":"rgba(99,115,129,0.06)","field_border_color":"rgba(99,115,129,0.06)","field_border_width":{"unit":"px","top":"1","right":"1","bottom":"1","left":"1","isLinked":""},"field_border_radius":{"unit":"px","top":"0","right":"0","bottom":"0","left":"0","isLinked":"1"},"button_background_color":"#252930","button_typography_typography":"custom","button_typography_font_family":"Karla","button_typography_font_size":{"unit":"px","size":"13"},"button_typography_font_weight":"700","button_typography_text_transform":"uppercase","button_typography_line_height":{"unit":"px","size":"24"},"button_typography_letter_spacing":{"unit":"px","size":"1.3"},"button_border_radius":{"unit":"px","top":"0","right":"0","bottom":"0","left":"0","isLinked":"1"},"button_background_hover_color":"rgba(22,32,47,0.89)","button_hover_animation":"float","column_gap":{"unit":"px","size":"15"},"button_text_padding":{"unit":"px","top":"17","right":"45","bottom":"17","left":"45","isLinked":""},"_padding":{"unit":"px","top":"10","right":"0","bottom":"0","left":"0","isLinked":""},"step_next_label":"Next","step_previous_label":"Previous"},"elements":[],"isInner":false,"widgetType":"form","elType":"widget"}],"isInner":"1","elType":"column"}],"isInner":"1","elType":"section"}],"isInner":"","elType":"column"}],"isInner":"","elType":"section"}],"page_settings":{"eael_ext_toc_title":"Table of Contents"}}