{"version":"0.4","title":"MY CART PAGE","type":"page","content":[{"id":"6bd506da","settings":{"margin":{"unit":"px","top":"-20","right":0,"bottom":"0","left":0,"isLinked":false}},"elements":[{"id":"6eddc509","settings":{"_column_size":100,"_inline_size":null},"elements":[{"id":"71fd3b8f","settings":{"style":"slashes","align":"center","look":"line_text","text":"Cart","color":"#000000","gap":{"unit":"px","size":2,"sizes":[]},"text_color":"#000000","typography_typography":"custom","typography_font_family":"Poppins","typography_font_size":{"unit":"px","size":57,"sizes":[]},"typography_font_size_mobile":{"unit":"px","size":"25","sizes":[]},"typography_font_weight":"bold","typography_text_transform":"uppercase","text_spacing":{"unit":"px","size":8,"sizes":[]},"text_spacing_mobile":{"unit":"px","size":"15","sizes":[]},"motion_fx_translateX_effect":"yes","motion_fx_translateX_speed":{"unit":"px","size":"1","sizes":[]},"motion_fx_translateX_affectedRange":{"unit":"%","size":"","sizes":{"start":"0","end":"50"}},"motion_fx_devices":["desktop","tablet"]},"elements":[],"isInner":false,"widgetType":"divider","elType":"widget"}],"isInner":false,"elType":"column"}],"isInner":false,"elType":"section"},{"id":"73fe2f7b","settings":{"background_background":"classic","background_color":"#222222","padding":{"unit":"px","top":"0","right":"0","bottom":"0","left":"0","isLinked":true}},"elements":[{"id":"3cb72983","settings":{"_column_size":100,"_inline_size":null,"padding":{"unit":"px","top":"3","right":"10","bottom":"3","left":"10","isLinked":false}},"elements":[{"id":"4ee9feab","settings":{"title":"Sale Up To <span style=\"color: #ed0000; font-weight: 700;\">50% Biggest Discounts.<\/span> Use Code Darrel10 For 10% OFF!","link":{"url":"#","is_external":"","nofollow":""},"header_size":"h6","align":"center","title_color":"#F1F1F1","typography_typography":"custom","typography_font_family":"Poppins","typography_font_size":{"unit":"px","size":14,"sizes":[]},"typography_font_weight":"400","typography_line_height":{"unit":"px","size":24,"sizes":[]}},"elements":[],"isInner":false,"widgetType":"heading","elType":"widget"}],"isInner":false,"elType":"column"}],"isInner":false,"elType":"section"},{"id":"a07f9c0","settings":{"structure":"30","border_border":"dashed","border_color":"#7A7A7A","margin":{"unit":"px","top":"2","right":0,"bottom":"2","left":0,"isLinked":true},"padding":{"unit":"px","top":"0","right":"0","bottom":"0","left":"0","isLinked":false}},"elements":[{"id":"79bf0638","settings":{"_column_size":33,"_inline_size":null},"elements":[{"id":"3b8318ac","settings":{"title":"1. Shopping Cart > >","title_color":"#000000","typography_typography":"custom","typography_font_family":"Poppins","typography_font_weight":"500"},"elements":[],"isInner":false,"widgetType":"heading","elType":"widget"}],"isInner":false,"elType":"column"},{"id":"7addb031","settings":{"_column_size":33,"_inline_size":null},"elements":[{"id":"268107d8","settings":{"title":"2. Checkout > >","align":"center","title_color":"#7A7A7A","typography_typography":"custom","typography_font_family":"Poppins","typography_font_weight":"500"},"elements":[],"isInner":false,"widgetType":"heading","elType":"widget"}],"isInner":false,"elType":"column"},{"id":"107ac229","settings":{"_column_size":33,"_inline_size":null},"elements":[{"id":"47ca05b5","settings":{"title":"3. Order Complete !","title_color":"#7A7A7A","typography_typography":"custom","typography_font_family":"Poppins","typography_font_weight":"500"},"elements":[],"isInner":false,"widgetType":"heading","elType":"widget"}],"isInner":false,"elType":"column"}],"isInner":false,"elType":"section"},{"id":"176a7f31","settings":{"stretch_section":"section-stretched","margin":{"unit":"px","top":"0","right":0,"bottom":"0","left":0,"isLinked":true},"padding":{"unit":"px","top":"0","right":"0","bottom":"0","left":"0","isLinked":true}},"elements":[{"id":"145d4a38","settings":{"_column_size":100,"_inline_size":null},"elements":[{"id":"ae52534","settings":{"premium_progressbar_left_label":"","premium_progressbar_right_label":"","premium_progressbar_multiple_label":[{"text":"Label","number":50,"_id":"7b1690f"}],"premium_progressbar_progress_percentage":"28","premium_progressbar_progress_style":"stripped","premium_progressbar_progress_animation":"yes","gradient_colors":"#6EC1E4,#54595F","premium_progressbar_progress_color_background":"classic","premium_progressbar_progress_color_color":"#61CE70","premium_progressbar_background_background":"classic","premium_progressbar_background_color":"#FFFFFF","_padding":{"unit":"px","top":"0","right":"0","bottom":"0","left":"0","isLinked":false},"premium_progressbar_progress_bar_height":{"unit":"px","size":35,"sizes":[]},"_margin":{"unit":"px","top":"0","right":"0","bottom":"-30","left":"0","isLinked":false}},"elements":[],"isInner":false,"widgetType":"premium-addon-progressbar","elType":"widget"}],"isInner":false,"elType":"column"}],"isInner":false,"elType":"section"},{"id":"16228987","settings":[],"elements":[{"id":"19ff8815","settings":{"_column_size":100,"_inline_size":null},"elements":[{"id":"11b6a635","settings":{"editor":"<!-- wp:shortcode -->\n[woocommerce_cart]\n<!-- \/wp:shortcode -->","_margin":{"unit":"px","top":"-20","right":"0","bottom":"0","left":"0","isLinked":false}},"elements":[],"isInner":false,"widgetType":"text-editor","elType":"widget"}],"isInner":false,"elType":"column"}],"isInner":false,"elType":"section"},{"id":"28d694d3","settings":[],"elements":[{"id":"5f32d6ef","settings":{"_column_size":100,"_inline_size":null},"elements":[{"id":"6abf3c20","settings":{"image":{"url":"https:\/\/elementorecommercetutorial.com\/wp-content\/uploads\/2020\/08\/toppng.com-safe-checkout-icons-portable-network-graphics-670x1771-1.png","id":289}},"elements":[],"isInner":false,"widgetType":"image","elType":"widget"}],"isInner":false,"elType":"column"}],"isInner":false,"elType":"section"}],"page_settings":{"eael_ext_toc_title":"Table of Contents"}}