{"version":"0.4","title":"ABOUT US PAGE ELEMENTOR ECOMMERCE","type":"page","content":[{"id":"2c17f23","settings":{"custom_height":{"unit":"px","size":"600","sizes":[]},"padding":{"unit":"px","top":"50","right":"15","bottom":"50","left":"15","isLinked":""},"padding_tablet":{"unit":"px","top":"40","right":"20","bottom":"40","left":"20","isLinked":""},"padding_mobile":{"unit":"px","top":"20","right":"20","bottom":"20","left":"20","isLinked":"1"},"background_background":"classic","background_image":{"id":149,"url":"https:\/\/elementorecommercetutorial.com\/wp-content\/uploads\/2020\/08\/bg31110.jpg"},"background_position":"center right","background_size":"cover","background_repeat":"no-repeat","background_overlay_background":"classic","background_overlay_color":"#000000"},"elements":[{"id":"2a832d59","settings":{"_column_size":100,"_inline_size":null,"padding":{"unit":"px","top":"20","right":"20","bottom":"20","left":"20","isLinked":"1"}},"elements":[{"id":"78536a7","settings":{"look":"line_text","text":"About","pattern_height":{"unit":"px","size":14.9000000000000003552713678800500929355621337890625,"sizes":[]},"pattern_size":{"unit":"px","size":28.800000000000000710542735760100185871124267578125,"sizes":[]},"text_color":"#FFFFFF","typography_typography":"custom","typography_font_family":"Poppins","typography_font_size":{"unit":"px","size":61,"sizes":[]},"typography_font_weight":"bold","align":"center","color":"#F4F4F4","gap":{"unit":"px","size":14,"sizes":[]},"typography_text_transform":"capitalize","typography_font_style":"normal","typography_letter_spacing":{"unit":"px","size":1.899999999999999911182158029987476766109466552734375,"sizes":[]},"text_spacing":{"unit":"px","size":13,"sizes":[]}},"elements":[],"isInner":false,"widgetType":"divider","elType":"widget"}],"isInner":"","elType":"column"}],"isInner":"","elType":"section"},{"id":"5ddfa343","settings":{"background_color":"#f6f6f6","padding":{"unit":"px","top":"60","right":"0","bottom":"60","left":"0","isLinked":""},"background_position":"center center","background_repeat":"no-repeat","background_size":"cover","background_overlay_color":"#000000","background_overlay_opacity":{"unit":"px","size":"0.75"},"content_position":"middle","gap":"wider","structure":"20","content_width":{"unit":"px","size":"1250"},"height":"min-height","background_background":"gradient","background_color_stop":{"unit":"%","size":"34"},"background_color_b":"rgba(255,255,255,0)","background_color_b_stop":{"unit":"%","size":"34"},"background_gradient_angle":{"unit":"deg","size":"90"},"padding_tablet":{"unit":"px","top":"80","right":"0","bottom":"80","left":"0","isLinked":""},"padding_mobile":{"unit":"px","top":"40","right":"0","bottom":"40","left":"0","isLinked":""}},"elements":[{"id":"5eae3b0","settings":{"_column_size":"50","padding":{"unit":"px","top":"30","right":"30","bottom":"30","left":"20","isLinked":""},"padding_tablet":{"unit":"px","top":"20","right":"20","bottom":"20","left":"20","isLinked":"1"}},"elements":[{"id":"1d02347d","settings":{"image":{"id":132,"url":"https:\/\/elementorecommercetutorial.com\/wp-content\/uploads\/2020\/08\/ad7.jpg"},"image_size":"full","image_custom_dimension":{"width":"600","height":"800"}},"elements":[],"isInner":false,"widgetType":"image","elType":"widget"}],"isInner":"","elType":"column"},{"id":"767041df","settings":{"_column_size":"50","background_image":{"id":"36","url":"https:\/\/elementorecommercetutorial.com\/wp-content\/uploads\/2020\/08\/placeholder.png"},"background_position":"center center","background_repeat":"no-repeat","background_size":"cover","background_overlay_background":"classic","background_overlay_color":"#222222","background_overlay_opacity":{"unit":"px","size":"0.85"},"padding":{"unit":"px","top":"30","right":"40","bottom":"30","left":"40","isLinked":""},"padding_tablet":{"unit":"px","top":"20","right":"20","bottom":"20","left":"20","isLinked":"1"}},"elements":[{"id":"29946c1b","settings":{"title":"About Our Company","title_color":"#252930","typography_typography":"custom","typography_font_family":"Poppins","typography_font_size":{"unit":"px","size":"62"},"typography_font_weight":"400","typography_letter_spacing":{"unit":"px","size":"0"},"_padding":{"unit":"px","top":"5","right":"0","bottom":"0","left":"0","isLinked":""},"typography_line_height":{"unit":"px","size":"76"},"_background_image":{"id":"36","url":"https:\/\/elementorecommercetutorial.com\/wp-content\/uploads\/2020\/08\/placeholder.png"},"_margin":{"unit":"px","top":"0","right":"0","bottom":"0","left":"0","isLinked":""},"typography_font_size_tablet":{"unit":"px","size":"40"},"typography_line_height_tablet":{"unit":"px","size":"50"},"_margin_tablet":{"unit":"px","top":"0","right":"0","bottom":"0","left":"0","isLinked":"1"},"_padding_tablet":{"unit":"px","top":"0","right":"0","bottom":"0","left":"0","isLinked":"1"}},"elements":[],"isInner":false,"widgetType":"heading","elType":"widget"},{"id":"3fe04cb5","settings":{"style":"slashes","width":{"unit":"%","size":42,"sizes":[]},"text":"Divider","color":"#000000"},"elements":[],"isInner":false,"widgetType":"divider","elType":"widget"},{"id":"176b00e8","settings":{"editor":"<p>Faucibus in ornare quam viverra orci. Sapien pellentesque habitant morbi tristique senectus et netus. Nulla aliquet enim tortor at. Nunc consequat interdum varius sit.<\/p>","text_color":"#727982","typography_typography":"custom","typography_font_family":"Hind","typography_font_size":{"unit":"px","size":"15"},"typography_font_weight":"400","typography_line_height":{"unit":"px","size":"26"},"typography_letter_spacing":{"unit":"px","size":"0"},"_padding":{"unit":"px","top":"0","right":"0","bottom":"0","left":"0","isLinked":""}},"elements":[],"isInner":false,"widgetType":"text-editor","elType":"widget"},{"id":"49bb3d98","settings":{"text":"SHOP NOW","link":{"url":"https:\/\/lorada.c-themes.com\/default-shop\/shop\/","is_external":"","nofollow":""},"align":"left","size":"md","selected_icon":{"value":"fas fa-chevron-right","library":"fa-solid"},"icon_align":"right","icon_indent":{"unit":"px","size":10,"sizes":[]},"typography_typography":"custom","typography_font_family":"Poppins","typography_font_size":{"unit":"px","size":14,"sizes":[]},"typography_font_weight":"700","typography_line_height":{"unit":"px","size":"","sizes":[]},"button_text_color":"#FFFFFF","background_color":"#000000","hover_color":"#FFFFFF","button_background_hover_color":"#CC3333","border_radius":{"unit":"px","top":"0","right":"0","bottom":"0","left":"0","isLinked":true},"_margin":{"unit":"px","top":"15","right":"0","bottom":"0","left":"0","isLinked":false}},"elements":[],"isInner":false,"widgetType":"button","elType":"widget"}],"isInner":"","elType":"column"}],"isInner":"","elType":"section"},{"id":"15bc26b6","settings":{"custom_height":{"unit":"vh","size":"100"},"column_position":"bottom","background_background":"classic","background_position":"bottom center","background_repeat":"no-repeat","background_size":"cover","background_overlay_background":"classic","background_overlay_opacity":{"unit":"px","size":"0.93"},"content_width":{"unit":"px","size":"1400"},"background_color":"#282828","layout":"full_width"},"elements":[{"id":"39055c16","settings":{"_column_size":"100","background_background":"classic","padding":{"unit":"px","top":"80","right":"50","bottom":"80","left":"80","isLinked":""},"padding_mobile":{"unit":"px","top":"30","right":"30","bottom":"30","left":"30","isLinked":"1"}},"elements":[{"id":"2cae0b02","settings":{"title":"The Crew","header_size":"h3","title_color":"#ffffff","typography_typography":"custom","typography_font_family":"Nunito","typography_font_size":{"unit":"em","size":"1"},"typography_font_weight":"800","typography_letter_spacing":{"unit":"px","size":"4"},"typography_text_transform":"uppercase","align_mobile":"center","align":"center","_css_classes":"envato-kit-138-bracket","motion_fx_motion_fx_mouse":"yes","motion_fx_tilt_effect":"yes","motion_fx_tilt_direction":"negative","motion_fx_tilt_speed":{"unit":"px","size":5.79999999999999982236431605997495353221893310546875,"sizes":[]}},"elements":[],"isInner":false,"widgetType":"heading","elType":"widget"},{"id":"1270dfcd","settings":{"title":"Our Team","title_color":"#ffffff","typography_typography":"custom","typography_font_size":{"unit":"em","size":"3.8"},"align":"center","typography_font_size_tablet":{"unit":"em","size":"3.5"},"typography_font_family":"Poppins","align_mobile":"center","typography_font_size_mobile":{"unit":"em","size":"2.5"},"typography_font_weight":"400"},"elements":[],"isInner":false,"widgetType":"heading","elType":"widget"},{"id":"d8e0512","settings":{"weight":{"unit":"px","size":"3"},"color":"#FFFFFF","width_tablet":{"unit":"px","size":""},"align":"center","gap":{"unit":"px","size":"2"},"width_mobile":{"unit":"px","size":"72"},"align_mobile":"center","width":{"unit":"px","size":"72"},"text":"Divider"},"elements":[],"isInner":false,"widgetType":"divider","elType":"widget"},{"id":"4fe6ff2e","settings":{"editor":"Vivamus consectetuer hendrerit lacus. Vivamus quis mi. Nulla porta dolor. Duis arcu tortor, suscipit eget, imperdiet nec, imperdiet iaculis, ipsum. Praesent blandit laoreet.","text_color":"#ffffff","typography_typography":"custom","typography_line_height":{"unit":"em","size":"1.7"},"align":"center","typography_font_family":"Nunito","typography_font_size":{"unit":"em","size":"1"}},"elements":[],"isInner":false,"widgetType":"text-editor","elType":"widget"},{"id":"7c78cc9e","settings":{"space":{"unit":"px","size":"73"},"space_mobile":{"unit":"px","size":"10"}},"elements":[],"isInner":false,"widgetType":"spacer","elType":"widget"},{"id":"32f333bb","settings":{"layout":"full_width","structure":"40"},"elements":[{"id":"a440df6","settings":{"_column_size":"25","_inline_size_tablet":"50"},"elements":[{"id":"26c9b8ae","settings":{"skin":"cover","bg_image":{"id":129,"url":"https:\/\/elementorecommercetutorial.com\/wp-content\/uploads\/2020\/08\/ad9.jpg"},"bg_image_size":"full","title":"Darrel Wilson","description":"CEO","button":"Contact","min-height":{"unit":"vh","size":"47"},"vertical_position":"middle","image_min_height":{"unit":"px","size":"450"},"title_typography_typography":"custom","title_typography_font_size":{"unit":"em","size":"2"},"description_typography_typography":"custom","description_typography_font_size":{"unit":"em","size":"1.1"},"description_typography_font_weight":"700","description_typography_text_transform":"uppercase","description_typography_line_height":{"unit":"em","size":"1.5"},"title_color":"#ffffff","description_color":"#D72020","button_typography_typography":"custom","button_typography_font_size":{"unit":"em","size":"1"},"button_typography_letter_spacing":{"unit":"px","size":"1"},"button_hover_text_color":"#FFFFFF","button_hover_background_color":"#FD0808","button_hover_border_color":"#E0100D","content_animation":"fade-in","sequenced_animation":"elementor-cta--sequenced-animation","graphic_image":{"id":228,"url":"https:\/\/elementorecommercetutorial.com\/wp-content\/uploads\/2020\/08\/placeholder-1-2.png"},"bg_image_custom_dimension":{"width":"500","height":"500"},"title_typography_font_family":"Nunito","description_typography_font_family":"Nunito","description_typography_letter_spacing":{"unit":"px","size":"1"},"button_typography_font_family":"Nunito","button_border_radius":{"unit":"px","size":"0"},"_border_radius":{"unit":"px","top":"0","right":"0","bottom":"0","left":"0","isLinked":"1"},"button_typography_font_weight":"700","button_text_color":"#ffffff","button_border_color":"#ffffff"},"elements":[],"isInner":false,"widgetType":"call-to-action","elType":"widget"}],"isInner":"1","elType":"column"},{"id":"5dbf78ef","settings":{"_column_size":"25","_inline_size_tablet":"50"},"elements":[{"id":"7131df1c","settings":{"skin":"cover","bg_image":{"id":131,"url":"https:\/\/elementorecommercetutorial.com\/wp-content\/uploads\/2020\/08\/av1.jpg"},"bg_image_size":"full","title":"Darrel Wilson","description":"CEO","button":"Contact","min-height":{"unit":"vh","size":"47"},"vertical_position":"middle","image_min_height":{"unit":"px","size":"450"},"title_typography_typography":"custom","title_typography_font_size":{"unit":"em","size":"2"},"description_typography_typography":"custom","description_typography_font_size":{"unit":"em","size":"1.1"},"description_typography_font_weight":"700","description_typography_text_transform":"uppercase","description_typography_line_height":{"unit":"em","size":"1.5"},"title_color":"#ffffff","description_color":"#D72020","button_typography_typography":"custom","button_typography_font_size":{"unit":"em","size":"1"},"button_typography_letter_spacing":{"unit":"px","size":"1"},"button_hover_text_color":"#FFFFFF","button_hover_background_color":"#FD0808","button_hover_border_color":"#E0100D","content_animation":"fade-in","sequenced_animation":"elementor-cta--sequenced-animation","graphic_image":{"id":228,"url":"https:\/\/elementorecommercetutorial.com\/wp-content\/uploads\/2020\/08\/placeholder-1-2.png"},"bg_image_custom_dimension":{"width":"500","height":"500"},"title_typography_font_family":"Nunito","description_typography_font_family":"Nunito","description_typography_letter_spacing":{"unit":"px","size":"1"},"button_typography_font_family":"Nunito","button_border_radius":{"unit":"px","size":"0"},"_border_radius":{"unit":"px","top":"0","right":"0","bottom":"0","left":"0","isLinked":"1"},"button_typography_font_weight":"700","button_text_color":"#ffffff","button_border_color":"#ffffff"},"elements":[],"isInner":false,"widgetType":"call-to-action","elType":"widget"}],"isInner":"1","elType":"column"},{"id":"10946a3f","settings":{"_column_size":"25","_inline_size_tablet":"50"},"elements":[{"id":"61c7dd3","settings":{"skin":"cover","bg_image":{"id":132,"url":"https:\/\/elementorecommercetutorial.com\/wp-content\/uploads\/2020\/08\/ad7.jpg"},"bg_image_size":"full","title":"Darrel Wilson","description":"CEO","button":"Contact","min-height":{"unit":"vh","size":"47"},"vertical_position":"middle","image_min_height":{"unit":"px","size":"450"},"title_typography_typography":"custom","title_typography_font_size":{"unit":"em","size":"2"},"description_typography_typography":"custom","description_typography_font_size":{"unit":"em","size":"1.1"},"description_typography_font_weight":"700","description_typography_text_transform":"uppercase","description_typography_line_height":{"unit":"em","size":"1.5"},"title_color":"#ffffff","description_color":"#D72020","button_typography_typography":"custom","button_typography_font_size":{"unit":"em","size":"1"},"button_typography_letter_spacing":{"unit":"px","size":"1"},"button_hover_text_color":"#FFFFFF","button_hover_background_color":"#FD0808","button_hover_border_color":"#E0100D","content_animation":"fade-in","sequenced_animation":"elementor-cta--sequenced-animation","graphic_image":{"id":228,"url":"https:\/\/elementorecommercetutorial.com\/wp-content\/uploads\/2020\/08\/placeholder-1-2.png"},"bg_image_custom_dimension":{"width":"500","height":"500"},"title_typography_font_family":"Nunito","description_typography_font_family":"Nunito","description_typography_letter_spacing":{"unit":"px","size":"1"},"button_typography_font_family":"Nunito","button_border_radius":{"unit":"px","size":"0"},"_border_radius":{"unit":"px","top":"0","right":"0","bottom":"0","left":"0","isLinked":"1"},"button_typography_font_weight":"700","button_text_color":"#ffffff","button_border_color":"#ffffff"},"elements":[],"isInner":false,"widgetType":"call-to-action","elType":"widget"}],"isInner":true,"elType":"column"},{"id":"5ce41f3","settings":{"_column_size":"25","_inline_size_tablet":"50"},"elements":[{"id":"3548acb1","settings":{"skin":"cover","bg_image":{"id":130,"url":"https:\/\/elementorecommercetutorial.com\/wp-content\/uploads\/2020\/08\/av4.jpg"},"bg_image_size":"full","title":"Darrel Wilson","description":"CEO","button":"Contact","min-height":{"unit":"vh","size":"47"},"vertical_position":"middle","image_min_height":{"unit":"px","size":"450"},"title_typography_typography":"custom","title_typography_font_size":{"unit":"em","size":"2"},"description_typography_typography":"custom","description_typography_font_size":{"unit":"em","size":"1.1"},"description_typography_font_weight":"700","description_typography_text_transform":"uppercase","description_typography_line_height":{"unit":"em","size":"1.5"},"title_color":"#ffffff","description_color":"#D72020","button_typography_typography":"custom","button_typography_font_size":{"unit":"em","size":"1"},"button_typography_letter_spacing":{"unit":"px","size":"1"},"button_hover_text_color":"#FFFFFF","button_hover_background_color":"#FD0808","button_hover_border_color":"#E0100D","content_animation":"fade-in","sequenced_animation":"elementor-cta--sequenced-animation","graphic_image":{"id":228,"url":"https:\/\/elementorecommercetutorial.com\/wp-content\/uploads\/2020\/08\/placeholder-1-2.png"},"bg_image_custom_dimension":{"width":"500","height":"500"},"title_typography_font_family":"Nunito","description_typography_font_family":"Nunito","description_typography_letter_spacing":{"unit":"px","size":"1"},"button_typography_font_family":"Nunito","button_border_radius":{"unit":"px","size":"0"},"_border_radius":{"unit":"px","top":"0","right":"0","bottom":"0","left":"0","isLinked":"1"},"button_typography_font_weight":"700","button_text_color":"#ffffff","button_border_color":"#ffffff"},"elements":[],"isInner":false,"widgetType":"call-to-action","elType":"widget"}],"isInner":"1","elType":"column"}],"isInner":"1","elType":"section"}],"isInner":"","elType":"column"}],"isInner":"","elType":"section"},{"id":"36ff63f6","settings":{"content_width":{"unit":"px","size":956,"sizes":[]},"custom_height":{"unit":"px","size":"600","sizes":[]},"background_background":"classic","background_color":"#18191d","background_size":"cover","heading_color":"#ffffff","color_text":"#ffffff","padding":{"unit":"px","top":"80","right":"20","bottom":"80","left":"20","isLinked":""},"padding_tablet":{"unit":"px","top":"40","right":"20","bottom":"40","left":"20","isLinked":""},"padding_mobile":{"unit":"px","top":"20","right":"20","bottom":"20","left":"20","isLinked":"1"},"background_image":{"url":"https:\/\/elementorecommercetutorial.com\/wp-content\/uploads\/2020\/08\/discount-bg.jpg","id":119},"background_position":"initial","background_xpos":{"unit":"px","size":-49,"sizes":[]}},"elements":[{"id":"97bfd3d","settings":{"_column_size":"100","padding":{"unit":"px","top":"20","right":"20","bottom":"20","left":"20","isLinked":"1"}},"elements":[{"id":"62c22cb8","settings":{"title":"Let\u2019s work together on your next web project","align":"center","title_color":"#000000","typography_typography":"custom","typography_font_family":"Poppins","typography_font_weight":"bold"},"elements":[],"isInner":false,"widgetType":"heading","elType":"widget"},{"id":"32c75d25","settings":{"style":"slashes","width":{"unit":"%","size":61,"sizes":[]},"align":"center","text":"Divider","color":"#000000"},"elements":[],"isInner":false,"widgetType":"divider","elType":"widget"},{"id":"1c3e30a2","settings":{"align":"center","typography_typography":"custom","typography_font_size":{"unit":"em","size":"1.2","sizes":[]},"typography_font_size_mobile":{"unit":"em","size":"1","sizes":[]},"text_color":"#000000","typography_font_family":"Poppins"},"elements":[],"isInner":false,"widgetType":"text-editor","elType":"widget"},{"id":"62ae9d96","settings":{"text":"SHOP NOW","link":{"url":"https:\/\/lorada.c-themes.com\/default-shop\/shop\/","is_external":"","nofollow":""},"align":"center","size":"md","selected_icon":{"value":"fas fa-chevron-right","library":"fa-solid"},"icon_align":"right","icon_indent":{"unit":"px","size":10,"sizes":[]},"typography_typography":"custom","typography_font_family":"Poppins","typography_font_size":{"unit":"px","size":14,"sizes":[]},"typography_font_weight":"700","typography_line_height":{"unit":"px","size":"","sizes":[]},"button_text_color":"#000000","background_color":"#FFFFFF","hover_color":"#FFFFFF","button_background_hover_color":"#CC3333","border_radius":{"unit":"px","top":"0","right":"0","bottom":"0","left":"0","isLinked":true},"_margin":{"unit":"px","top":"15","right":"0","bottom":"0","left":"0","isLinked":false}},"elements":[],"isInner":false,"widgetType":"button","elType":"widget"}],"isInner":"","elType":"column"}],"isInner":"","elType":"section"}],"page_settings":{"eael_ext_toc_title":"Table of Contents"}}