{"version":"0.4","title":"CHECKOUT PAGE ELEMENTOR","type":"page","content":[{"id":"13059945","settings":{"margin":{"unit":"px","top":"-20","right":0,"bottom":"0","left":0,"isLinked":false}},"elements":[{"id":"783982d1","settings":{"_column_size":100,"_inline_size":null},"elements":[{"id":"2f9f7228","settings":{"style":"slashes","align":"center","look":"line_text","text":"Checkout","color":"#000000","gap":{"unit":"px","size":2,"sizes":[]},"text_color":"#000000","typography_typography":"custom","typography_font_family":"Poppins","typography_font_size":{"unit":"px","size":57,"sizes":[]},"typography_font_size_mobile":{"unit":"px","size":"25","sizes":[]},"typography_font_weight":"bold","typography_text_transform":"uppercase","text_spacing":{"unit":"px","size":8,"sizes":[]},"text_spacing_mobile":{"unit":"px","size":"15","sizes":[]},"motion_fx_translateX_effect":"yes","motion_fx_translateX_speed":{"unit":"px","size":"1","sizes":[]},"motion_fx_translateX_affectedRange":{"unit":"%","size":"","sizes":{"start":"0","end":"50"}},"motion_fx_devices":["desktop","tablet"]},"elements":[],"isInner":false,"widgetType":"divider","elType":"widget"}],"isInner":false,"elType":"column"}],"isInner":false,"elType":"section"},{"id":"343bbf00","settings":{"background_background":"classic","background_color":"#222222","padding":{"unit":"px","top":"0","right":"0","bottom":"0","left":"0","isLinked":true}},"elements":[{"id":"4727a0e2","settings":{"_column_size":100,"_inline_size":null,"padding":{"unit":"px","top":"3","right":"10","bottom":"3","left":"10","isLinked":false}},"elements":[{"id":"77318381","settings":{"title":"Sale Up To <span style=\"color: #ed0000; font-weight: 700;\">50% Biggest Discounts.<\/span> Use Code Darrel10 For 10% OFF!","link":{"url":"#","is_external":"","nofollow":""},"header_size":"h6","align":"center","title_color":"#F1F1F1","typography_typography":"custom","typography_font_family":"Poppins","typography_font_size":{"unit":"px","size":14,"sizes":[]},"typography_font_weight":"400","typography_line_height":{"unit":"px","size":24,"sizes":[]}},"elements":[],"isInner":false,"widgetType":"heading","elType":"widget"}],"isInner":false,"elType":"column"}],"isInner":false,"elType":"section"},{"id":"63261d82","settings":{"structure":"30","border_border":"dashed","border_color":"#7A7A7A","margin":{"unit":"px","top":"2","right":0,"bottom":"2","left":0,"isLinked":true},"padding":{"unit":"px","top":"0","right":"0","bottom":"0","left":"0","isLinked":false}},"elements":[{"id":"b2f0839","settings":{"_column_size":33,"_inline_size":null},"elements":[{"id":"7526a559","settings":{"title":"1. Shopping Cart > >","title_color":"#7A7A7A","typography_typography":"custom","typography_font_family":"Poppins","typography_font_weight":"500"},"elements":[],"isInner":false,"widgetType":"heading","elType":"widget"}],"isInner":false,"elType":"column"},{"id":"7af004f4","settings":{"_column_size":33,"_inline_size":null},"elements":[{"id":"2171c6fc","settings":{"title":"2. Checkout > >","align":"center","title_color":"#000000","typography_typography":"custom","typography_font_family":"Poppins","typography_font_weight":"500"},"elements":[],"isInner":false,"widgetType":"heading","elType":"widget"}],"isInner":false,"elType":"column"},{"id":"742b1a68","settings":{"_column_size":33,"_inline_size":null},"elements":[{"id":"358dea82","settings":{"title":"3. Order Complete !","title_color":"#7A7A7A","typography_typography":"custom","typography_font_family":"Poppins","typography_font_weight":"500"},"elements":[],"isInner":false,"widgetType":"heading","elType":"widget"}],"isInner":false,"elType":"column"}],"isInner":false,"elType":"section"},{"id":"7bf64367","settings":{"stretch_section":"section-stretched","margin":{"unit":"px","top":"0","right":0,"bottom":"0","left":0,"isLinked":true},"padding":{"unit":"px","top":"0","right":"0","bottom":"0","left":"0","isLinked":true}},"elements":[{"id":"183ae473","settings":{"_column_size":100,"_inline_size":null},"elements":[{"id":"34cec1ba","settings":{"premium_progressbar_left_label":"","premium_progressbar_right_label":"","premium_progressbar_multiple_label":[{"text":"Label","number":50,"_id":"7b1690f"}],"premium_progressbar_progress_percentage":"61","premium_progressbar_progress_style":"stripped","premium_progressbar_progress_animation":"yes","gradient_colors":"#6EC1E4,#54595F","premium_progressbar_progress_color_background":"classic","premium_progressbar_progress_color_color":"#61CE70","premium_progressbar_background_background":"classic","premium_progressbar_background_color":"#FFFFFF","_padding":{"unit":"px","top":"0","right":"0","bottom":"0","left":"0","isLinked":false},"premium_progressbar_progress_bar_height":{"unit":"px","size":35,"sizes":[]},"_margin":{"unit":"px","top":"0","right":"0","bottom":"-30","left":"0","isLinked":false}},"elements":[],"isInner":false,"widgetType":"premium-addon-progressbar","elType":"widget"}],"isInner":false,"elType":"column"}],"isInner":false,"elType":"section"},{"id":"32572d30","settings":{"background_overlay_background":"classic","css_filters_css_filter":"custom","overlay_blend_mode":"multiply","box_shadow_box_shadow":{"horizontal":-1,"vertical":0,"blur":14,"spread":-4,"color":"rgba(0,0,0,0.5)"}},"elements":[{"id":"4a6f4c0f","settings":{"_column_size":100},"elements":[{"id":"6c5f8ebd","settings":{"editor":"<!-- wp:shortcode -->\n[woocommerce_checkout]\n<!-- \/wp:shortcode -->","typography_typography":"custom","typography_font_family":"Poppins"},"elements":[],"isInner":false,"widgetType":"text-editor","elType":"widget"}],"isInner":false,"elType":"column"}],"isInner":false,"elType":"section"},{"id":"3a56e4e5","settings":[],"elements":[{"id":"4bec0e87","settings":{"_column_size":100,"_inline_size":null},"elements":[{"id":"2ebb0f5b","settings":{"image":{"url":"https:\/\/elementorecommercetutorial.com\/wp-content\/uploads\/2020\/08\/toppng.com-safe-checkout-icons-portable-network-graphics-670x1771-1.png","id":289}},"elements":[],"isInner":false,"widgetType":"image","elType":"widget"}],"isInner":false,"elType":"column"}],"isInner":false,"elType":"section"}],"page_settings":{"eael_ext_toc_title":"Table of Contents"}}