{"version":"0.4","title":"Shop Page","type":"page","content":[{"id":"6e7ee14c","settings":{"padding":{"unit":"px","top":"50","right":"0","bottom":"50","left":"0","isLinked":false},"_timestamp_":"v1QlEvYVEvQnNsbmk4NzgycFpFZS85QT09","background_background":"classic","background_color":"#000000","background_image":{"url":"https:\/\/elementorecommercetutorial.com\/wp-content\/uploads\/2020\/08\/discount-bg.jpg","id":119},"background_position":"center center"},"elements":[{"id":"fde25f5","settings":{"_column_size":100},"elements":[{"id":"5197abb4","settings":{"title":"Let It Begin","align":"center","title_color":"#000000","typography_typography":"custom","typography_font_family":"Montserrat","typography_font_size":{"unit":"px","size":31,"sizes":[]},"typography_font_weight":"200","text_shadow_text_shadow_type":"yes"},"elements":[],"isInner":false,"widgetType":"heading","elType":"widget"},{"id":"201eaea8","settings":{"title":"Mens Shop","align":"center","title_color":"#000000","typography_typography":"custom","typography_font_family":"Montserrat","typography_font_size":{"unit":"px","size":80,"sizes":[]},"typography_font_weight":"bold","text_shadow_text_shadow_type":"yes"},"elements":[],"isInner":false,"widgetType":"heading","elType":"widget"},{"id":"327fd9f4","settings":{"marker":"underline_zigzag","before_text":"Starts","highlighted_text":"NOW","rotating_text":"Better\nBigger\nFaster","marker_color":"#D31818","title_color":"#000000","title_typography_typography":"custom","title_typography_font_family":"Montserrat","title_typography_font_weight":"300","words_color":"#000000","words_typography_typography":"custom","words_typography_font_family":"Montserrat","words_typography_font_weight":"500"},"elements":[],"isInner":false,"widgetType":"animated-headline","elType":"widget"}],"isInner":false,"elType":"column"}],"isInner":false,"elType":"section"},{"id":"75fe5c1","settings":{"background_background":"classic","background_color":"#222222","padding":{"unit":"px","top":"0","right":"0","bottom":"0","left":"0","isLinked":true}},"elements":[{"id":"45d5930a","settings":{"_column_size":100,"_inline_size":null,"padding":{"unit":"px","top":"3","right":"10","bottom":"3","left":"10","isLinked":false}},"elements":[{"id":"4577647c","settings":{"title":"Sale Up To <span style=\"color: #ed0000; font-weight: 700;\">50% Biggest Discounts.<\/span> Hurry! Limited Perriod Offer   ","link":{"url":"#","is_external":"","nofollow":""},"header_size":"h6","align":"center","title_color":"#F1F1F1","typography_typography":"custom","typography_font_family":"Poppins","typography_font_size":{"unit":"px","size":14,"sizes":[]},"typography_font_weight":"400","typography_line_height":{"unit":"px","size":24,"sizes":[]}},"elements":[],"isInner":false,"widgetType":"heading","elType":"widget"}],"isInner":false,"elType":"column"}],"isInner":false,"elType":"section"},{"id":"2edf217e","settings":{"structure":"21","border_border":"solid","border_width":{"unit":"px","top":"1","right":"0","bottom":"0","left":"0","isLinked":false},"border_color":"#797979"},"elements":[{"id":"51d2f81a","settings":{"_column_size":33,"_inline_size":24.33200000000000073896444519050419330596923828125},"elements":[{"id":"4ff4961f","settings":[],"elements":[],"isInner":false,"widgetType":"wp-widget-woocommerce_price_filter","elType":"widget"},{"id":"344dab18","settings":{"wp":{"title":"Filter by","display_type":"dropdown","query_type":"and"}},"elements":[],"isInner":false,"widgetType":"wp-widget-woocommerce_layered_nav","elType":"widget"},{"id":"25345560","settings":{"sidebar":"astra-woo-shop-sidebar"},"elements":[],"isInner":false,"widgetType":"sidebar","elType":"widget"}],"isInner":false,"elType":"column"},{"id":"3858046f","settings":{"_column_size":66,"_inline_size":75},"elements":[{"id":"5899a074","settings":{"query_include":["terms"],"query_include_term_ids":["17"]},"elements":[],"isInner":false,"widgetType":"woocommerce-products","elType":"widget"}],"isInner":false,"elType":"column"}],"isInner":false,"elType":"section"}],"page_settings":{"eael_ext_toc_title":"Table of Contents"}}