{"version":"0.4","title":"HOME PAGE ECOMMERCE ELEMENTOR","type":"page","content":[{"id":"11cab95f","settings":{"background_background":"classic","background_color":"#222222","padding":{"unit":"px","top":"0","right":"0","bottom":"0","left":"0","isLinked":true}},"elements":[{"id":"4c99ec3c","settings":{"_column_size":100,"_inline_size":null,"padding":{"unit":"px","top":"3","right":"10","bottom":"3","left":"10","isLinked":false}},"elements":[{"id":"c05e331","settings":{"title":"Sale Up To <span style=\"color: #ed0000; font-weight: 700;\">50% Biggest Discounts.<\/span> Act Now! Limited Time OFFER!","link":{"url":"#","is_external":"","nofollow":""},"header_size":"h6","align":"center","title_color":"#F1F1F1","typography_typography":"custom","typography_font_family":"Poppins","typography_font_size":{"unit":"px","size":14,"sizes":[]},"typography_font_weight":"400","typography_line_height":{"unit":"px","size":24,"sizes":[]}},"elements":[],"isInner":false,"widgetType":"heading","elType":"widget"}],"isInner":false,"elType":"column"}],"isInner":false,"elType":"section"},{"id":"6323b2c0","settings":{"height":"full","custom_height":{"unit":"vh","size":100},"content_position":"middle","background_background":"classic","background_image":{"id":95,"url":"https:\/\/elementorecommercetutorial.com\/wp-content\/uploads\/2020\/08\/bg16.jpg"},"background_position":"center center","background_size":"cover","gap":"no","background_overlay_background":"classic","background_overlay_color":"#000000","background_overlay_opacity":{"unit":"px","size":0},"padding":{"unit":"px","top":"0","right":"0","bottom":"0","left":"0","isLinked":true},"structure":"20","custom_height_tablet":{"unit":"px","size":800},"padding_tablet":{"unit":"px","top":"0","right":"14","bottom":"0","left":"14","isLinked":false},"padding_mobile":{"unit":"px","top":"0","right":"20","bottom":"0","left":"20","isLinked":false},"reverse_order_mobile":"reverse-mobile","shape_divider_top_width":{"unit":"%","size":218,"sizes":[]},"shape_divider_top_height":{"unit":"px","size":145,"sizes":[]}},"elements":[{"id":"7b14da17","settings":{"_column_size":50,"_inline_size":60,"padding":{"unit":"%","top":"0","right":"10","bottom":"0","left":"0","isLinked":false},"padding_mobile":{"unit":"px","top":"25","right":"0","bottom":"0","left":"0","isLinked":false}},"elements":[{"id":"74992149","settings":{"editor":"<p>\u00a0New eCommerce Experience<\/p>","align":"left","text_color":"#000000","typography_typography":"custom","typography_font_size":{"unit":"px","size":15},"typography_font_weight":"600","typography_text_transform":"uppercase","typography_letter_spacing":{"unit":"px","size":5},"align_mobile":"center"},"elements":[],"isInner":false,"widgetType":"text-editor","elType":"widget"},{"id":"4cdaa044","settings":{"title":"Summer SALE","align":"left","title_color":"#000000","typography_typography":"custom","typography_font_size":{"unit":"px","size":65},"typography_font_weight":"600","text_shadow_text_shadow_type":"yes","align_mobile":"center","typography_font_size_tablet":{"unit":"px","size":55},"typography_font_size_mobile":{"unit":"px","size":45},"typography_font_family":"Aguafina Script"},"elements":[],"isInner":false,"widgetType":"heading","elType":"widget"},{"id":"2509ece4","settings":{"title":"50% OFF","align":"left","title_color":"#000000","typography_typography":"custom","typography_font_size":{"unit":"px","size":131},"typography_font_weight":"bold","text_shadow_text_shadow_type":"yes","align_mobile":"center","typography_font_size_tablet":{"unit":"px","size":55},"typography_font_size_mobile":{"unit":"px","size":45},"typography_font_family":"Poppins","_margin":{"unit":"px","top":"0","right":"0","bottom":"0","left":"0","isLinked":true},"size":"small"},"elements":[],"isInner":false,"widgetType":"heading","elType":"widget"},{"id":"257abdc8","settings":{"editor":"<p>Lorem ipsum dolor sit amet, consectetuer adipiscing elit, sed diam nonummy nibh euismod tincidunt ut laoreet dolore magna aliquam erat volutpat.<\/p>","align":"left","text_color":"#000000","typography_typography":"custom","typography_font_family":"Poppins","typography_font_size":{"unit":"px","size":15,"sizes":[]},"_padding":{"unit":"px","top":"0","right":"0","bottom":"0","left":"0","isLinked":true},"_element_width":"initial","_element_custom_width":{"unit":"px","size":500,"sizes":[]},"_element_vertical_align":"center"},"elements":[],"isInner":false,"widgetType":"text-editor","elType":"widget"},{"id":"4d5123e6","settings":{"style":"slashes","width":{"unit":"%","size":81,"sizes":[]},"text":"Divider","color":"#000000"},"elements":[],"isInner":false,"widgetType":"divider","elType":"widget"},{"id":"6bec3ae0","settings":{"structure":"20","background_background":"gradient","css_filters_css_filter":"custom","css_filters_brightness":{"unit":"px","size":141,"sizes":[]},"css_filters_hue":{"unit":"px","size":120,"sizes":[]}},"elements":[{"id":"2cd33b83","settings":{"_column_size":50,"_inline_size":null,"background_background":"classic","background_size":"auto","background_motion_fx_opacity_effect":"yes","background_motion_fx_blur_effect":"yes"},"elements":[{"id":"43565a6d","settings":{"animation_type":"flip","marker":"underline_zigzag","before_text":"Starting At","highlighted_text":"$199","rotating_text":"Better\nBigger\nFaster","marker_color":"#AE1E1E","title_color":"#000000","title_typography_typography":"custom","title_typography_font_family":"Poppins","title_typography_font_size":{"unit":"px","size":29,"sizes":[]},"words_color":"#050000","words_typography_typography":"custom","words_typography_font_family":"Poppins","words_typography_font_weight":"bold"},"elements":[],"isInner":false,"widgetType":"animated-headline","elType":"widget"}],"isInner":true,"elType":"column"},{"id":"5e0f7ce0","settings":{"_column_size":50,"_inline_size":null,"content_position":"top","align":"flex-start"},"elements":[{"id":"57b9e24d","settings":{"button_type":"info","text":"SHOP NOW!","typography_typography":"custom","typography_font_family":"Poppins","typography_font_size":{"unit":"px","size":20,"sizes":[]},"typography_font_weight":"bold","background_color":"#000000","border_radius":{"unit":"px","top":"0","right":"0","bottom":"0","left":"0","isLinked":true},"text_padding":{"unit":"px","top":"15","right":"30","bottom":"15","left":"30","isLinked":false}},"elements":[],"isInner":false,"widgetType":"button","elType":"widget"}],"isInner":true,"elType":"column"}],"isInner":true,"elType":"section"}],"isInner":false,"elType":"column"},{"id":"39fdd82","settings":{"_column_size":50,"_inline_size":40},"elements":[],"isInner":false,"elType":"column"}],"isInner":false,"elType":"section"},{"id":"71b8a4f6","settings":{"layout":"full_width","gap":"no","grid_height":"600px","structure":"30"},"elements":[{"id":"9a0a8ce","settings":{"_column_size":33,"background_background":"classic","background_image":{"id":126,"url":"https:\/\/elementorecommercetutorial.com\/wp-content\/uploads\/2020\/08\/bg37.jpg"},"background_repeat":"no-repeat","background_size":"cover","padding":{"unit":"%","top":"20","right":"10","bottom":"20","left":"10","isLinked":""},"css_classes":"text-left order-md-2 res-font-size","content_position":"center","background_position":"center right","padding_mobile":{"unit":"%","top":"10","right":"5","bottom":"10","left":"5","isLinked":""},"background_color":"#F4F4F4","background_overlay_background":"classic","_inline_size":null,"background_xpos":{"unit":"px","size":-590,"sizes":[]}},"elements":[{"id":"558eda83","settings":{"title":"WOMEN'S<br>Section","header_size":"h3","typography_typography":"custom","typography_font_size":{"unit":"em","size":"3.125","sizes":[]},"typography_line_height":{"unit":"em","size":"1.2","sizes":[]},"typography_letter_spacing":{"unit":"px","size":"-0.5","sizes":[]},"align":"right","title_color":"#FFFFFF","typography_font_family":"Poppins","typography_font_weight":"bold"},"elements":[],"isInner":false,"widgetType":"heading","elType":"widget"},{"id":"31bef85b","settings":{"title":"Check out this week's hottest styles.","header_size":"p","typography_typography":"custom","typography_font_size":{"unit":"em","size":"1.125","sizes":[]},"_css_classes":"mb-4","align":"right","title_color":"#FFFFFF"},"elements":[],"isInner":false,"widgetType":"heading","elType":"widget"},{"id":"5abbde75","settings":{"text":"SHOP NOW","link":{"url":"https:\/\/lorada.c-themes.com\/default-shop\/shop\/","is_external":"","nofollow":""},"align":"right","size":"md","selected_icon":{"value":"fas fa-chevron-right","library":"fa-solid"},"icon_align":"right","icon_indent":{"unit":"px","size":10,"sizes":[]},"typography_typography":"custom","typography_font_family":"Poppins","typography_font_size":{"unit":"px","size":14,"sizes":[]},"typography_font_weight":"700","typography_line_height":{"unit":"px","size":"","sizes":[]},"button_text_color":"#000000","background_color":"#FFFFFF","hover_color":"#FFFFFF","button_background_hover_color":"#CC3333","border_radius":{"unit":"px","top":"0","right":"0","bottom":"0","left":"0","isLinked":true},"_margin":{"unit":"px","top":"15","right":"0","bottom":"0","left":"0","isLinked":false}},"elements":[],"isInner":false,"widgetType":"button","elType":"widget"}],"isInner":false,"elType":"column"},{"id":"7338acbc","settings":{"_column_size":33,"background_background":"classic","background_image":{"id":96,"url":"https:\/\/elementorecommercetutorial.com\/wp-content\/uploads\/2020\/08\/bg_slide4.jpg"},"background_repeat":"no-repeat","background_size":"cover","padding":{"unit":"%","top":"20","right":"10","bottom":"20","left":"10","isLinked":""},"css_classes":"text-left order-md-2 res-font-size","content_position":"center","background_position":"center center","padding_mobile":{"unit":"%","top":"10","right":"5","bottom":"10","left":"5","isLinked":""},"background_color":"#F4F4F4","background_overlay_background":"classic","_inline_size":null,"background_overlay_color":"#FFFFFF"},"elements":[{"id":"12090340","settings":{"title":"NEW<br>Arrivals","header_size":"h3","typography_typography":"custom","typography_font_size":{"unit":"em","size":"3.125","sizes":[]},"typography_line_height":{"unit":"em","size":"1.2","sizes":[]},"typography_letter_spacing":{"unit":"px","size":"-0.5","sizes":[]},"align":"center","title_color":"#000000","typography_font_family":"Poppins","text_shadow_text_shadow_type":"yes","blend_mode":"luminosity"},"elements":[],"isInner":false,"widgetType":"heading","elType":"widget"},{"id":"76e7b8e5","settings":{"title":"Check out this week's hottest styles.","header_size":"p","typography_typography":"custom","typography_font_size":{"unit":"em","size":"1.125","sizes":[]},"_css_classes":"mb-4","align":"center","title_color":"#000000"},"elements":[],"isInner":false,"widgetType":"heading","elType":"widget"},{"id":"21ca2119","elType":"widget","settings":{"text":"SHOP NOW","link":{"url":"https:\/\/elementorecommercetutorial.com\/shop\/","is_external":"","nofollow":""},"align":"center","size":"md","selected_icon":{"value":"fas fa-chevron-right","library":"fa-solid"},"icon_align":"right","icon_indent":{"unit":"px","size":10,"sizes":[]},"typography_typography":"custom","typography_font_family":"Poppins","typography_font_size":{"unit":"px","size":14,"sizes":[]},"typography_font_weight":"700","typography_line_height":{"unit":"px","size":"","sizes":[]},"button_text_color":"#FFFFFF","background_color":"#000000","hover_color":"#FFFFFF","button_background_hover_color":"#CC3333","border_radius":{"unit":"px","top":"0","right":"0","bottom":"0","left":"0","isLinked":true},"_margin":{"unit":"px","top":"15","right":"0","bottom":"0","left":"0","isLinked":false}},"elements":[],"widgetType":"button"}],"isInner":false,"elType":"column"},{"id":"2aa5b502","settings":{"_column_size":33,"background_background":"classic","background_image":{"id":149,"url":"https:\/\/elementorecommercetutorial.com\/wp-content\/uploads\/2020\/08\/bg31110.jpg"},"background_repeat":"no-repeat","background_size":"cover","padding":{"unit":"%","top":"20","right":"10","bottom":"20","left":"10","isLinked":""},"css_classes":"text-left order-md-2 res-font-size","content_position":"center","background_position":"center center","padding_mobile":{"unit":"%","top":"10","right":"5","bottom":"10","left":"5","isLinked":""},"background_color":"#F4F4F4","background_overlay_background":"classic","_inline_size":null},"elements":[{"id":"5ba263e1","settings":{"title":"Mens<br>Products","header_size":"h3","typography_typography":"custom","typography_font_size":{"unit":"em","size":"3.125","sizes":[]},"typography_line_height":{"unit":"em","size":"1.2","sizes":[]},"typography_letter_spacing":{"unit":"px","size":"-0.5","sizes":[]},"title_color":"#FFFFFF","typography_font_family":"Poppins","blend_mode":"lighten"},"elements":[],"isInner":false,"widgetType":"heading","elType":"widget"},{"id":"52f4d5c","settings":{"title":"Check out this week's hottest styles.","header_size":"p","typography_typography":"custom","typography_font_size":{"unit":"em","size":"1.125","sizes":[]},"_css_classes":"mb-4","align":"left","title_color":"#FFFFFF"},"elements":[],"isInner":false,"widgetType":"heading","elType":"widget"},{"id":"4d6ee2d6","settings":{"text":"SHOP NOW","link":{"url":"https:\/\/lorada.c-themes.com\/default-shop\/shop\/","is_external":"","nofollow":""},"align":"left","size":"md","selected_icon":{"value":"fas fa-chevron-right","library":"fa-solid"},"icon_align":"right","icon_indent":{"unit":"px","size":10,"sizes":[]},"typography_typography":"custom","typography_font_family":"Poppins","typography_font_size":{"unit":"px","size":14,"sizes":[]},"typography_font_weight":"700","typography_line_height":{"unit":"px","size":"","sizes":[]},"button_text_color":"#000000","background_color":"#FFFFFF","hover_color":"#FFFFFF","button_background_hover_color":"#CC3333","border_radius":{"unit":"px","top":"0","right":"0","bottom":"0","left":"0","isLinked":true},"_margin":{"unit":"px","top":"15","right":"0","bottom":"0","left":"0","isLinked":false}},"elements":[],"isInner":false,"widgetType":"button","elType":"widget"}],"isInner":false,"elType":"column"}],"isInner":"","elType":"section"},{"id":"2cfa4ded","settings":{"structure":"40","padding":{"unit":"px","top":"40","right":"0","bottom":"40","left":"0","isLinked":false},"content_width":{"unit":"px","size":1290,"sizes":[]},"shape_divider_top":"tilt","shape_divider_top_width":{"unit":"%","size":161,"sizes":[]},"shape_divider_top_height":{"unit":"px","size":319,"sizes":[]}},"elements":[{"id":"32e24c6c","settings":{"_column_size":25,"_inline_size":null,"_inline_size_tablet":50,"margin_tablet":{"unit":"px","top":"0","right":"0","bottom":"20","left":"0","isLinked":false},"border_border":"solid","border_width":{"unit":"px","top":"0","right":"1","bottom":"0","left":"0","isLinked":false},"border_color":"#54595F"},"elements":[{"id":"10930fb3","settings":{"image":{"id":13,"url":"https:\/\/elementorecommercetutorial.com\/wp-content\/uploads\/2020\/08\/0600-truck.png"},"title_text":"Free Shipping","description_text":"Orders over $200","position":"left","image_space":{"unit":"px","size":20,"sizes":[]},"image_size":{"unit":"%","size":20,"sizes":[]},"text_align":"left","title_bottom_space":{"unit":"px","size":2,"sizes":[]},"title_color":"#222222","title_typography_typography":"custom","title_typography_font_family":"Poppins","title_typography_font_size":{"unit":"px","size":18,"sizes":[]},"title_typography_font_weight":"600","title_typography_line_height":{"unit":"px","size":"","sizes":[]},"description_color":"#666666","description_typography_typography":"custom","description_typography_font_family":"Poppins","description_typography_font_size":{"unit":"px","size":14,"sizes":[]},"description_typography_line_height":{"unit":"px","size":"","sizes":[]},"text_align_mobile":"center"},"elements":[],"isInner":false,"widgetType":"image-box","elType":"widget"}],"isInner":false,"elType":"column"},{"id":"6bd166a1","settings":{"_column_size":25,"_inline_size":null,"_inline_size_tablet":50,"margin_tablet":{"unit":"px","top":"0","right":"0","bottom":"20","left":"0","isLinked":false},"border_border":"solid","border_width":{"unit":"px","top":"0","right":"1","bottom":"0","left":"0","isLinked":false},"border_color":"#54595F","border_radius":{"unit":"px","top":"0","right":"0","bottom":"0","left":"0","isLinked":false}},"elements":[{"id":"7b83abf5","settings":{"image":{"id":14,"url":"https:\/\/elementorecommercetutorial.com\/wp-content\/uploads\/2020\/08\/0345-wallet.png"},"title_text":"Quick Payment","description_text":"100% secure payment","position":"left","image_space":{"unit":"px","size":20,"sizes":[]},"image_size":{"unit":"%","size":15,"sizes":[]},"css_filters_css_filter":"custom","text_align":"left","content_vertical_alignment":"middle","title_bottom_space":{"unit":"px","size":5,"sizes":[]},"title_color":"#222222","title_typography_typography":"custom","title_typography_font_family":"Poppins","title_typography_font_size":{"unit":"px","size":18,"sizes":[]},"title_typography_font_weight":"600","title_typography_line_height":{"unit":"px","size":"","sizes":[]},"description_color":"#666666","description_typography_typography":"custom","description_typography_font_family":"Poppins","description_typography_font_size":{"unit":"px","size":14,"sizes":[]},"description_typography_line_height":{"unit":"px","size":"","sizes":[]},"text_align_mobile":"center"},"elements":[],"isInner":false,"widgetType":"image-box","elType":"widget"}],"isInner":false,"elType":"column"},{"id":"16bae5b6","settings":{"_column_size":25,"_inline_size":null,"_inline_size_tablet":50,"margin_mobile":{"unit":"px","top":"0","right":"0","bottom":"20","left":"0","isLinked":false},"border_border":"solid","border_width":{"unit":"px","top":"0","right":"1","bottom":"0","left":"0","isLinked":false},"border_color":"#54595F"},"elements":[{"id":"37e72cf2","settings":{"image":{"id":15,"url":"https:\/\/elementorecommercetutorial.com\/wp-content\/uploads\/2020\/08\/0512-gift.png"},"title_text":"Gift Certificate","description_text":"Buy now $500 to $1000","position":"left","image_space":{"unit":"px","size":20,"sizes":[]},"image_size":{"unit":"%","size":15,"sizes":[]},"css_filters_css_filter":"custom","text_align":"left","content_vertical_alignment":"middle","title_bottom_space":{"unit":"px","size":5,"sizes":[]},"title_color":"#222222","title_typography_typography":"custom","title_typography_font_family":"Poppins","title_typography_font_size":{"unit":"px","size":18,"sizes":[]},"title_typography_font_weight":"600","title_typography_line_height":{"unit":"px","size":"","sizes":[]},"description_color":"#666666","description_typography_typography":"custom","description_typography_font_family":"Poppins","description_typography_font_size":{"unit":"px","size":14,"sizes":[]},"description_typography_line_height":{"unit":"px","size":"","sizes":[]},"text_align_mobile":"center"},"elements":[],"isInner":false,"widgetType":"image-box","elType":"widget"}],"isInner":false,"elType":"column"},{"id":"5b4067ab","settings":{"_column_size":25,"_inline_size":null,"_inline_size_tablet":50},"elements":[{"id":"4918b62b","settings":{"image":{"id":16,"url":"https:\/\/elementorecommercetutorial.com\/wp-content\/uploads\/2020\/08\/0240-headphones.png"},"title_text":"24\/7 Support","description_text":"Ready support","position":"left","image_space":{"unit":"px","size":20,"sizes":[]},"image_size":{"unit":"%","size":17,"sizes":[]},"css_filters_css_filter":"custom","text_align":"left","content_vertical_alignment":"middle","title_bottom_space":{"unit":"px","size":5,"sizes":[]},"title_color":"#222222","title_typography_typography":"custom","title_typography_font_family":"Poppins","title_typography_font_size":{"unit":"px","size":18,"sizes":[]},"title_typography_font_weight":"600","title_typography_line_height":{"unit":"px","size":"","sizes":[]},"description_color":"#666666","description_typography_typography":"custom","description_typography_font_family":"Poppins","description_typography_font_size":{"unit":"px","size":14,"sizes":[]},"description_typography_line_height":{"unit":"px","size":"","sizes":[]},"text_align_mobile":"center"},"elements":[],"isInner":false,"widgetType":"image-box","elType":"widget"}],"isInner":false,"elType":"column"}],"isInner":false,"elType":"section"},{"id":"1d9b6649","settings":{"layout":"full_width","padding":{"unit":"%","top":"5","right":"5","bottom":"5","left":"5","isLinked":""},"_title":"Our Projects Title","margin_mobile":{"unit":"px","top":"","right":"0","bottom":"","left":"0","isLinked":"1"},"padding_mobile":{"unit":"%","top":"0","right":"5","bottom":"0","left":"5","isLinked":""},"overflow":"hidden","_timestamp_":"v1QlEvYVEvQnNsbmk4NzgycFpFZS85QT09","stretch_section":"section-stretched","content_position":"middle"},"elements":[{"id":"5a5a956d","settings":{"_column_size":"100","padding":{"unit":"px","top":"0","right":"0","bottom":"0","left":"0","isLinked":"1"}},"elements":[{"id":"261bbe8e","settings":{"style":"slashes","align":"center","look":"line_text","text":"New Arrivals","color":"#000000","text_color":"#000000","typography_typography":"custom","typography_font_family":"Poppins","typography_font_size":{"unit":"px","size":57,"sizes":[]},"typography_font_size_mobile":{"unit":"px","size":"25","sizes":[]},"typography_font_weight":"bold","typography_text_transform":"uppercase","text_spacing":{"unit":"px","size":8,"sizes":[]},"text_spacing_mobile":{"unit":"px","size":"15","sizes":[]},"motion_fx_translateX_effect":"yes","motion_fx_translateX_speed":{"unit":"px","size":"1","sizes":[]},"motion_fx_translateX_affectedRange":{"unit":"%","size":"","sizes":{"start":"0","end":"50"}},"motion_fx_devices":["desktop","tablet"]},"elements":[],"isInner":false,"widgetType":"divider","elType":"widget"},{"id":"51ce6e0e","settings":{"columns":5,"rows":2,"show_result_count":"yes","query_orderby":"title","align":"center","title_color":"#000000","title_typography_typography":"custom","title_typography_font_family":"Poppins","title_typography_font_weight":"bold","price_color":"#000000","price_typography_typography":"custom","price_typography_font_family":"Poppins","price_typography_font_size":{"unit":"px","size":20,"sizes":[]},"price_typography_font_weight":"bold","old_price_color":"#F30000","old_price_typography_typography":"custom","old_price_typography_font_size":{"unit":"px","size":14,"sizes":[]},"view_cart_color":"#180303","onsale_text_color":"#FFFFFF","_background_hover_background":"classic","query_include":["terms"],"query_include_term_ids":["17","27"]},"elements":[],"isInner":false,"widgetType":"woocommerce-products","elType":"widget"}],"isInner":"","elType":"column"}],"isInner":"","elType":"section"},{"id":"454af874","settings":{"background_background":"classic","background_image":{"id":119,"url":"https:\/\/elementorecommercetutorial.com\/wp-content\/uploads\/2020\/08\/discount-bg.jpg"},"background_position":"top left","background_size":"cover","stretch_section":"section-stretched","background_xpos":{"unit":"px","size":-319,"sizes":[]},"background_repeat":"no-repeat"},"elements":[{"id":"2499ac93","settings":{"_column_size":100,"_inline_size":null,"padding":{"unit":"px","top":"90","right":"10","bottom":"90","left":"10","isLinked":false},"padding_tablet":{"unit":"px","top":"50","right":"10","bottom":"50","left":"10","isLinked":false}},"elements":[{"id":"1e207dd2","settings":{"title":"Deal Of The Day","header_size":"div","align":"center","title_color":"#222222","typography_typography":"custom","typography_font_family":"Poppins","typography_font_size":{"unit":"px","size":18,"sizes":[]},"typography_font_weight":"400","typography_line_height":{"unit":"px","size":"","sizes":[]}},"elements":[],"isInner":false,"widgetType":"heading","elType":"widget"},{"id":"65ed64c0","settings":{"width":{"unit":"px","size":177,"sizes":[]},"align":"center","text":"Divider","color":"#222222","gap":{"unit":"px","size":0,"sizes":[]},"_margin":{"unit":"px","top":"12","right":"0","bottom":"11","left":"0","isLinked":false},"_margin_tablet":{"unit":"px","top":"10","right":"0","bottom":"20","left":"0","isLinked":false}},"elements":[],"isInner":false,"widgetType":"divider","elType":"widget"},{"id":"3710a63e","settings":{"title":"MEns New Shirt Sale","align":"center","title_color":"#222222","typography_typography":"custom","typography_font_size":{"unit":"px","size":48,"sizes":[]},"typography_font_weight":"400","typography_line_height":{"unit":"px","size":48,"sizes":[]},"_margin":{"unit":"px","top":"0","right":"0","bottom":"23","left":"0","isLinked":false},"typography_font_size_tablet":{"unit":"px","size":36,"sizes":[]},"typography_line_height_tablet":{"unit":"px","size":40,"sizes":[]},"_margin_tablet":{"unit":"px","top":"0","right":"0","bottom":"20","left":"0","isLinked":false},"typography_font_size_mobile":{"unit":"px","size":30,"sizes":[]},"typography_line_height_mobile":{"unit":"px","size":40,"sizes":[]}},"elements":[],"isInner":false,"widgetType":"heading","elType":"widget"},{"id":"4e114ac9","settings":{"editor":"<div class=\"deal-price\"><ins style=\"text-decoration: none; margin-right: 15px;\"><span class=\"primary-color\" style=\"font-weight: 600;\">$35.90<\/span><\/ins><del>$60.99<\/del><\/div>","align":"center","text_color":"#000000","typography_typography":"custom","typography_font_family":"Poppins","typography_font_size":{"unit":"px","size":24,"sizes":[]},"typography_font_weight":"400","typography_line_height":{"unit":"px","size":"","sizes":[]},"_margin":{"unit":"px","top":"0","right":"0","bottom":"-5","left":"0","isLinked":false},"_margin_tablet":{"unit":"px","top":"0","right":"0","bottom":"20","left":"0","isLinked":false}},"elements":[],"isInner":false,"widgetType":"text-editor","elType":"widget"},{"id":"4ddc5707","settings":{"editor":"<p>Super Modern eCommerce Elementor Website<\/p>","align":"center","typography_typography":"custom","typography_font_size":{"unit":"px","size":14,"sizes":[]},"typography_line_height":{"unit":"px","size":"","sizes":[]}},"elements":[],"isInner":false,"widgetType":"text-editor","elType":"widget"},{"id":"6935acb9","settings":{"text":"SHOP NOW","link":{"url":"https:\/\/lorada.c-themes.com\/default-shop\/shop\/","is_external":"","nofollow":""},"align":"center","size":"md","selected_icon":{"value":"fas fa-chevron-right","library":"fa-solid"},"icon_align":"right","icon_indent":{"unit":"px","size":10,"sizes":[]},"typography_typography":"custom","typography_font_family":"Poppins","typography_font_size":{"unit":"px","size":14,"sizes":[]},"typography_font_weight":"700","typography_line_height":{"unit":"px","size":"","sizes":[]},"button_text_color":"#FFFFFF","background_color":"#222222","hover_color":"#FFFFFF","button_background_hover_color":"#CC3333","border_radius":{"unit":"px","top":"0","right":"0","bottom":"0","left":"0","isLinked":true},"_margin":{"unit":"px","top":"15","right":"0","bottom":"0","left":"0","isLinked":false}},"elements":[],"isInner":false,"widgetType":"button","elType":"widget"}],"isInner":false,"elType":"column"}],"isInner":false,"elType":"section"},{"id":"5a4c9c1a","settings":{"background_background":"classic","background_color":"#222222","padding":{"unit":"px","top":"0","right":"0","bottom":"0","left":"0","isLinked":true}},"elements":[{"id":"4c57afe0","settings":{"_column_size":100,"_inline_size":null,"padding":{"unit":"px","top":"3","right":"10","bottom":"3","left":"10","isLinked":false}},"elements":[{"id":"3b2444c","settings":{"title":"Sale Up To <span style=\"color: #ed0000; font-weight: 700;\">50% Biggest Discounts.<\/span> Act Now! Limited Time OFFER!","link":{"url":"#","is_external":"","nofollow":""},"header_size":"h6","align":"center","title_color":"#F1F1F1","typography_typography":"custom","typography_font_family":"Poppins","typography_font_size":{"unit":"px","size":14,"sizes":[]},"typography_font_weight":"400","typography_line_height":{"unit":"px","size":24,"sizes":[]}},"elements":[],"isInner":false,"widgetType":"heading","elType":"widget"}],"isInner":false,"elType":"column"}],"isInner":false,"elType":"section"},{"id":"7286a4ab","settings":{"layout":"full_width","padding":{"unit":"%","top":"5","right":"5","bottom":"5","left":"5","isLinked":""},"_title":"Our Projects Title","margin_mobile":{"unit":"px","top":"","right":"0","bottom":"","left":"0","isLinked":"1"},"padding_mobile":{"unit":"%","top":"0","right":"5","bottom":"0","left":"5","isLinked":""},"overflow":"hidden","_timestamp_":"v1QlEvYVEvQnNsbmk4NzgycFpFZS85QT09","stretch_section":"section-stretched"},"elements":[{"id":"2b5e50ed","settings":{"_column_size":"100","content_position":"center","padding":{"unit":"px","top":"0","right":"0","bottom":"0","left":"0","isLinked":"1"}},"elements":[{"id":"4dc65e8","settings":{"align":"left","text":"Sale Products","look":"line_text","typography_typography":"custom","typography_font_family":"Poppins","typography_font_size":{"unit":"px","size":33,"sizes":[]},"typography_font_weight":"bold","typography_text_transform":"uppercase","text_spacing":{"unit":"px","size":8,"sizes":[]},"color":"#000000","text_color":"#000000","typography_font_size_mobile":{"unit":"px","size":"25","sizes":[]},"text_spacing_mobile":{"unit":"px","size":"15","sizes":[]},"motion_fx_translateX_effect":"yes","motion_fx_translateX_speed":{"unit":"px","size":"1","sizes":[]},"motion_fx_translateX_affectedRange":{"unit":"%","size":"","sizes":{"start":"0","end":"50"}},"motion_fx_devices":["desktop","tablet"],"_animation":"none","style":"slashes"},"elements":[],"isInner":false,"widgetType":"divider","elType":"widget"},{"id":"53e0e206","settings":{"countdown_type":"evergreen","label_display":"inline","label_days":"Days","label_hours":"Hours","label_minutes":"Minutes","label_seconds":"Seconds","box_background_color":"#000000","box_border_border":"solid","box_border_width":{"unit":"px","top":"0","right":"0","bottom":"0","left":"0","isLinked":true},"box_border_radius":{"unit":"px","top":"0","right":"0","bottom":"0","left":"0","isLinked":true},"box_spacing":{"unit":"px","size":9,"sizes":[]},"digits_typography_typography":"custom","digits_typography_font_family":"Poppins","digits_typography_font_size":{"unit":"px","size":34,"sizes":[]},"digits_typography_font_weight":"bold","label_color":"#FFFFFF","label_typography_typography":"custom","label_typography_font_family":"Poppins","evergreen_counter_hours":50},"elements":[],"isInner":false,"widgetType":"countdown","elType":"widget"},{"id":"74796fbc","settings":{"align":"center","rows":1,"title_color":"#000000","title_typography_typography":"custom","title_typography_font_family":"Poppins","title_typography_font_weight":"bold","price_color":"#000000","price_typography_typography":"custom","price_typography_font_family":"Poppins","price_typography_font_size":{"unit":"px","size":20,"sizes":[]},"price_typography_font_weight":"bold","old_price_color":"#F30000","old_price_typography_typography":"custom","old_price_typography_font_size":{"unit":"px","size":14,"sizes":[]},"view_cart_color":"#180303","onsale_text_color":"#FFFFFF","_background_hover_background":"classic","query_include":["terms"],"query_include_term_ids":["28"]},"elements":[],"isInner":false,"widgetType":"woocommerce-products","elType":"widget"}],"isInner":"","elType":"column"}],"isInner":"","elType":"section"},{"id":"37121cfc","settings":[],"elements":[{"id":"3bfb0d7c","settings":{"_column_size":100,"_inline_size":null,"background_background":"classic","background_image":{"id":126,"url":"https:\/\/elementorecommercetutorial.com\/wp-content\/uploads\/2020\/08\/bg37.jpg"},"background_position":"center center","background_repeat":"no-repeat","background_size":"cover","padding":{"unit":"px","top":"40","right":"50","bottom":"40","left":"50","isLinked":false},"padding_tablet":{"unit":"px","top":"20","right":"30","bottom":"40","left":"30","isLinked":false},"padding_mobile":{"unit":"px","top":"20","right":"20","bottom":"40","left":"20","isLinked":false}},"elements":[{"id":"444e32cd","settings":{"structure":"20"},"elements":[{"id":"19d5b0d2","settings":{"_column_size":50,"_inline_size":30,"padding":{"unit":"px","top":"0","right":"50","bottom":"0","left":"0","isLinked":false},"_inline_size_tablet":100,"padding_tablet":{"unit":"px","top":"0","right":"0","bottom":"30","left":"0","isLinked":false},"padding_mobile":{"unit":"px","top":"0","right":"0","bottom":"10","left":"0","isLinked":false}},"elements":[{"id":"1e2f02a0","settings":{"title":"Newsletter","title_color":"#FFFFFF","typography_typography":"custom","typography_font_family":"Playfair Display","typography_font_size":{"unit":"px","size":36,"sizes":[]},"typography_font_weight":"400","typography_line_height":{"unit":"px","size":"","sizes":[]},"_margin":{"unit":"px","top":"0","right":"0","bottom":"7","left":"0","isLinked":false},"typography_font_size_mobile":{"unit":"px","size":25,"sizes":[]},"typography_line_height_mobile":{"unit":"px","size":30,"sizes":[]}},"elements":[],"isInner":false,"widgetType":"heading","elType":"widget"},{"id":"10373412","settings":{"editor":"Get <strong class=\"primary-color\">30% OFF<\/strong> coup on today subscribers","text_color":"#FFFFFF","typography_typography":"custom","typography_font_family":"Poppins","typography_font_size":{"unit":"px","size":14,"sizes":[]},"typography_font_weight":"400","typography_line_height":{"unit":"px","size":"","sizes":[]}},"elements":[],"isInner":false,"widgetType":"text-editor","elType":"widget"}],"isInner":true,"elType":"column"},{"id":"640edb47","settings":{"_column_size":50,"_inline_size":70,"padding":{"unit":"px","top":"0","right":"0","bottom":"0","left":"0","isLinked":true},"content_position":"center","_inline_size_tablet":100},"elements":[{"id":"43a7cd2","settings":{"form_name":"New Form","form_fields":[{"custom_id":"email","field_type":"email","required":"true","field_label":"","placeholder":"Email","width":"100","_id":"78d5fb8","selected_icon":{"value":"fas fa-star","library":"fa-solid"},"field_options":"","allow_multiple":"","select_size":"","inline_list":"","field_html":"","width_tablet":"","width_mobile":"","rows":4,"recaptcha_size":"normal","recaptcha_style":"light","recaptcha_badge":"bottomright","css_classes":"","field_value":""}],"button_size":"md","button_width":"","step_next_label":"Next","step_previous_label":"Previous","button_text":"Subscribe For Discounts","submit_actions":["email","mailchimp"],"email_content":"[all-fields]","email_content_2":"[all-fields]","success_message":"The form was sent successfully.","error_message":"An error occured.","required_field_message":"This field is required.","invalid_message":"There's something wrong. The form is invalid.","button_typography_typography":"custom","button_typography_font_family":"Poppins","button_typography_font_size":{"unit":"px","size":18,"sizes":[]},"button_typography_font_weight":"700","button_background_color":"#000000","button_text_color":"#FFFFFF","button_background_hover_color":"#CC3333","_margin":{"unit":"px","top":"15","right":"0","bottom":"0","left":"0","isLinked":false}},"elements":[],"isInner":false,"widgetType":"form","elType":"widget"}],"isInner":true,"elType":"column"}],"isInner":true,"elType":"section"}],"isInner":false,"elType":"column"}],"isInner":false,"elType":"section"},{"id":"55e92206","settings":{"gap":"no","custom_height":{"unit":"px","size":800},"content_position":"middle","padding":{"unit":"px","top":"0","right":"0","bottom":"0","left":"0","isLinked":false},"padding_tablet":{"unit":"px","top":"100","right":"25","bottom":"100","left":"25","isLinked":false},"padding_mobile":{"unit":"px","top":"50","right":"20","bottom":"50","left":"20","isLinked":false},"background_background":"classic","background_position":"center center","background_attachment":"fixed","background_size":"cover","background_overlay_background":"classic","background_overlay_opacity":{"unit":"px","size":0.5500000000000000444089209850062616169452667236328125}},"elements":[{"id":"141351","settings":{"_column_size":100,"padding":{"unit":"%","top":"","right":"","bottom":"","left":"","isLinked":true},"padding_tablet":{"unit":"px","top":"0","right":"0","bottom":"0","left":"0","isLinked":true}},"elements":[{"id":"7d99e048","settings":{"gap":"no","structure":"60","margin":{"unit":"px","top":"0","right":0,"bottom":"0","left":0,"isLinked":true}},"elements":[{"id":"31418804","settings":{"_column_size":16,"_inline_size":null,"background_background":"classic","background_color":"#ffffff","margin":{"unit":"px","top":"15","right":"15","bottom":"15","left":"15","isLinked":true},"padding":{"unit":"em","top":"1","right":"1","bottom":"1","left":"1","isLinked":true},"border_radius":{"unit":"px","top":"8","right":"8","bottom":"8","left":"8","isLinked":true},"animation":"fadeInUp"},"elements":[{"id":"3db66631","settings":{"image":{"id":"79","url":"https:\/\/elementorecommercetutorial.com\/wp-content\/uploads\/2020\/08\/digit.png"},"image_size":"custom","image_custom_dimension":{"width":"400","height":"250"},"link_to":"custom","link":{"url":"#","is_external":"","nofollow":""},"css_filters_hover_brightness":{"unit":"px","size":88},"css_filters_hover_saturate":{"unit":"px","size":139},"css_filters_hover_hue":{"unit":"px","size":69},"image_border_border":"solid","image_border_width":{"unit":"px","top":"1","right":"1","bottom":"1","left":"1","isLinked":true},"image_border_color":"#ffffff","image_box_shadow_box_shadow":{"horizontal":0,"vertical":0,"blur":12,"spread":0,"color":"rgba(0,0,0,0.15)"},"caption_typography_typography":"custom","caption_typography_font_family":"Oswald","caption_typography_font_size":{"unit":"px","size":20},"caption_typography_font_weight":"400","caption_typography_text_transform":"uppercase","caption_typography_line_height":{"unit":"em","size":3},"caption_typography_letter_spacing":{"unit":"px","size":1},"opacity_hover":{"unit":"px","size":0.59999999999999997779553950749686919152736663818359375},"hover_animation":"grow"},"elements":[],"isInner":false,"widgetType":"image","elType":"widget"}],"isInner":true,"elType":"column"},{"id":"79534fbc","settings":{"_column_size":16,"_inline_size":null,"background_background":"classic","background_color":"#ffffff","margin":{"unit":"px","top":"15","right":"15","bottom":"15","left":"15","isLinked":true},"padding":{"unit":"em","top":"1","right":"1","bottom":"1","left":"1","isLinked":true},"border_radius":{"unit":"px","top":"8","right":"8","bottom":"8","left":"8","isLinked":true},"animation":"fadeInUp"},"elements":[{"id":"49d9ebb9","settings":{"image":{"id":"80","url":"https:\/\/elementorecommercetutorial.com\/wp-content\/uploads\/2020\/08\/bastil.png"},"image_size":"custom","image_custom_dimension":{"width":"400","height":"250"},"link_to":"custom","link":{"url":"#","is_external":"","nofollow":""},"css_filters_hover_brightness":{"unit":"px","size":88},"css_filters_hover_saturate":{"unit":"px","size":139},"css_filters_hover_hue":{"unit":"px","size":69},"image_border_border":"solid","image_border_width":{"unit":"px","top":"1","right":"1","bottom":"1","left":"1","isLinked":true},"image_border_color":"#ffffff","image_box_shadow_box_shadow":{"horizontal":0,"vertical":0,"blur":12,"spread":0,"color":"rgba(0,0,0,0.15)"},"caption_typography_typography":"custom","caption_typography_font_family":"Oswald","caption_typography_font_size":{"unit":"px","size":20},"caption_typography_font_weight":"400","caption_typography_text_transform":"uppercase","caption_typography_line_height":{"unit":"em","size":3},"caption_typography_letter_spacing":{"unit":"px","size":1},"opacity_hover":{"unit":"px","size":0.59999999999999997779553950749686919152736663818359375},"hover_animation":"grow"},"elements":[],"isInner":false,"widgetType":"image","elType":"widget"}],"isInner":true,"elType":"column"},{"id":"393d0cd9","settings":{"_column_size":16,"_inline_size":null,"background_background":"classic","background_color":"#ffffff","margin":{"unit":"px","top":"15","right":"15","bottom":"15","left":"15","isLinked":true},"padding":{"unit":"em","top":"1","right":"1","bottom":"1","left":"1","isLinked":true},"border_radius":{"unit":"px","top":"8","right":"8","bottom":"8","left":"8","isLinked":true},"animation":"fadeInUp"},"elements":[{"id":"68e93482","settings":{"image":{"id":"81","url":"https:\/\/elementorecommercetutorial.com\/wp-content\/uploads\/2020\/08\/darkside.png"},"image_size":"custom","image_custom_dimension":{"width":"400","height":"250"},"link_to":"custom","link":{"url":"#","is_external":"","nofollow":""},"css_filters_hover_brightness":{"unit":"px","size":88},"css_filters_hover_saturate":{"unit":"px","size":139},"css_filters_hover_hue":{"unit":"px","size":69},"image_border_border":"solid","image_border_width":{"unit":"px","top":"1","right":"1","bottom":"1","left":"1","isLinked":true},"image_border_color":"#ffffff","image_box_shadow_box_shadow":{"horizontal":0,"vertical":0,"blur":12,"spread":0,"color":"rgba(0,0,0,0.15)"},"caption_typography_typography":"custom","caption_typography_font_family":"Oswald","caption_typography_font_size":{"unit":"px","size":20},"caption_typography_font_weight":"400","caption_typography_text_transform":"uppercase","caption_typography_line_height":{"unit":"em","size":3},"caption_typography_letter_spacing":{"unit":"px","size":1},"opacity_hover":{"unit":"px","size":0.59999999999999997779553950749686919152736663818359375},"hover_animation":"grow"},"elements":[],"isInner":false,"widgetType":"image","elType":"widget"}],"isInner":true,"elType":"column"},{"id":"40d0815","settings":{"_column_size":16,"_inline_size":null,"background_background":"classic","background_color":"#ffffff","margin":{"unit":"px","top":"15","right":"15","bottom":"15","left":"15","isLinked":true},"padding":{"unit":"em","top":"1","right":"1","bottom":"1","left":"1","isLinked":true},"border_radius":{"unit":"px","top":"8","right":"8","bottom":"8","left":"8","isLinked":true},"animation":"fadeInUp"},"elements":[{"id":"29a440b8","settings":{"image":{"id":"82","url":"https:\/\/elementorecommercetutorial.com\/wp-content\/uploads\/2020\/08\/fifthflour.png"},"image_size":"custom","image_custom_dimension":{"width":"400","height":"250"},"link_to":"custom","link":{"url":"#","is_external":"","nofollow":""},"css_filters_hover_brightness":{"unit":"px","size":88},"css_filters_hover_saturate":{"unit":"px","size":139},"css_filters_hover_hue":{"unit":"px","size":69},"image_border_border":"solid","image_border_width":{"unit":"px","top":"1","right":"1","bottom":"1","left":"1","isLinked":true},"image_border_color":"#ffffff","image_box_shadow_box_shadow":{"horizontal":0,"vertical":0,"blur":12,"spread":0,"color":"rgba(0,0,0,0.15)"},"caption_typography_typography":"custom","caption_typography_font_family":"Oswald","caption_typography_font_size":{"unit":"px","size":20},"caption_typography_font_weight":"400","caption_typography_text_transform":"uppercase","caption_typography_line_height":{"unit":"em","size":3},"caption_typography_letter_spacing":{"unit":"px","size":1},"opacity_hover":{"unit":"px","size":0.59999999999999997779553950749686919152736663818359375},"hover_animation":"grow"},"elements":[],"isInner":false,"widgetType":"image","elType":"widget"}],"isInner":true,"elType":"column"},{"id":"c9a97ba","settings":{"_column_size":16,"_inline_size":null,"background_background":"classic","background_color":"#ffffff","margin":{"unit":"px","top":"15","right":"15","bottom":"15","left":"15","isLinked":true},"padding":{"unit":"em","top":"1","right":"1","bottom":"1","left":"1","isLinked":true},"border_radius":{"unit":"px","top":"8","right":"8","bottom":"8","left":"8","isLinked":true},"animation":"fadeInUp"},"elements":[{"id":"1b9e4fad","settings":{"image":{"id":"83","url":"https:\/\/elementorecommercetutorial.com\/wp-content\/uploads\/2020\/08\/Edgewater...png"},"image_size":"custom","image_custom_dimension":{"width":"400","height":"250"},"link_to":"custom","link":{"url":"#","is_external":"","nofollow":""},"css_filters_hover_brightness":{"unit":"px","size":88},"css_filters_hover_saturate":{"unit":"px","size":139},"css_filters_hover_hue":{"unit":"px","size":69},"image_border_border":"solid","image_border_width":{"unit":"px","top":"1","right":"1","bottom":"1","left":"1","isLinked":true},"image_border_color":"#ffffff","image_box_shadow_box_shadow":{"horizontal":0,"vertical":0,"blur":12,"spread":0,"color":"rgba(0,0,0,0.15)"},"caption_typography_typography":"custom","caption_typography_font_family":"Oswald","caption_typography_font_size":{"unit":"px","size":20},"caption_typography_font_weight":"400","caption_typography_text_transform":"uppercase","caption_typography_line_height":{"unit":"em","size":3},"caption_typography_letter_spacing":{"unit":"px","size":1},"opacity_hover":{"unit":"px","size":0.59999999999999997779553950749686919152736663818359375},"hover_animation":"grow"},"elements":[],"isInner":false,"widgetType":"image","elType":"widget"}],"isInner":true,"elType":"column"},{"id":"734c435c","settings":{"_column_size":16,"_inline_size":null,"background_background":"classic","background_color":"#ffffff","margin":{"unit":"px","top":"15","right":"15","bottom":"15","left":"15","isLinked":true},"padding":{"unit":"em","top":"1","right":"1","bottom":"1","left":"1","isLinked":true},"border_radius":{"unit":"px","top":"8","right":"8","bottom":"8","left":"8","isLinked":true},"animation":"fadeInUp"},"elements":[{"id":"6abb8ec2","settings":{"image":{"id":"84","url":"https:\/\/elementorecommercetutorial.com\/wp-content\/uploads\/2020\/08\/armond.png"},"image_size":"custom","image_custom_dimension":{"width":"400","height":"250"},"link_to":"custom","link":{"url":"#","is_external":"","nofollow":""},"css_filters_hover_brightness":{"unit":"px","size":88},"css_filters_hover_saturate":{"unit":"px","size":139},"css_filters_hover_hue":{"unit":"px","size":69},"image_border_border":"solid","image_border_width":{"unit":"px","top":"1","right":"1","bottom":"1","left":"1","isLinked":true},"image_border_color":"#ffffff","image_box_shadow_box_shadow":{"horizontal":0,"vertical":0,"blur":12,"spread":0,"color":"rgba(0,0,0,0.15)"},"caption_typography_typography":"custom","caption_typography_font_family":"Oswald","caption_typography_font_size":{"unit":"px","size":20},"caption_typography_font_weight":"400","caption_typography_text_transform":"uppercase","caption_typography_line_height":{"unit":"em","size":3},"caption_typography_letter_spacing":{"unit":"px","size":1},"opacity_hover":{"unit":"px","size":0.59999999999999997779553950749686919152736663818359375},"hover_animation":"grow"},"elements":[],"isInner":false,"widgetType":"image","elType":"widget"}],"isInner":true,"elType":"column"}],"isInner":true,"elType":"section"}],"isInner":false,"elType":"column"}],"isInner":false,"elType":"section"}],"page_settings":{"eael_ext_toc_title":"Table of Contents"}}